-- ============================================
-- Seed: Maintenance Operations Analytics
-- Versione: 1.0
-- Data: 2026-04-19
-- DB target: maintenance_analytics
-- ============================================
-- Ordine di inserimento rispetta le FK:
-- bases -> assets, teams
-- assets, components_catalog -> anomalies, asset_components, usage_logs
-- teams -> work_orders
-- anomalies -> work_orders
-- work_orders -> work_order_tasks
-- task_catalog, components_catalog -> task_required_components
-- ============================================


-- bases (4 righe)
INSERT INTO bases (base_id, base_code, base_name, address, city, region, country, latitude, longitude, maintenance_level, status) OVERRIDING SYSTEM VALUE VALUES (1, 'BASE-ROM', 'Base Roma Ciampino', 'Via Appia Nuova 1', 'Roma', 'Lazio', 'Italy', 41.7994, 12.5949, 'heavy', 'active');
INSERT INTO bases (base_id, base_code, base_name, address, city, region, country, latitude, longitude, maintenance_level, status) OVERRIDING SYSTEM VALUE VALUES (2, 'BASE-MIL', 'Base Milano Malpensa', 'Via dell Aeroporto 10', 'Milano', 'Lombardia', 'Italy', 45.6306, 8.7231, 'line', 'active');
INSERT INTO bases (base_id, base_code, base_name, address, city, region, country, latitude, longitude, maintenance_level, status) OVERRIDING SYSTEM VALUE VALUES (3, 'BASE-NAP', 'Base Napoli Capodichino', 'Viale Fulco Ruffo di Calabria', 'Napoli', 'Campania', 'Italy', 40.886, 14.2908, 'line', 'active');
INSERT INTO bases (base_id, base_code, base_name, address, city, region, country, latitude, longitude, maintenance_level, status) OVERRIDING SYSTEM VALUE VALUES (4, 'BASE-CAG', 'Base Cagliari Elmas', 'Via dei Trasvolatori Atlantici', 'Cagliari', 'Sardegna', 'Italy', 39.2515, 9.0543, 'intermediate', 'active');

-- assets (12 righe)
INSERT INTO assets (asset_id, asset_code, serial_number, model, manufacturer, manufacture_year, entry_into_service_date, current_base_id, asset_status, mission_role) OVERRIDING SYSTEM VALUE VALUES (1, 'HEL-001', 'SN-AW139-001', 'AW139', 'Leonardo', 2015, '2016-03-01', 1, 'operational', 'SAR');
INSERT INTO assets (asset_id, asset_code, serial_number, model, manufacturer, manufacture_year, entry_into_service_date, current_base_id, asset_status, mission_role) OVERRIDING SYSTEM VALUE VALUES (2, 'HEL-002', 'SN-AW139-002', 'AW139', 'Leonardo', 2016, '2017-01-15', 1, 'operational', 'SAR');
INSERT INTO assets (asset_id, asset_code, serial_number, model, manufacturer, manufacture_year, entry_into_service_date, current_base_id, asset_status, mission_role) OVERRIDING SYSTEM VALUE VALUES (3, 'HEL-003', 'SN-AW169-001', 'AW169', 'Leonardo', 2018, '2019-06-01', 1, 'maintenance', 'EMS');
INSERT INTO assets (asset_id, asset_code, serial_number, model, manufacturer, manufacture_year, entry_into_service_date, current_base_id, asset_status, mission_role) OVERRIDING SYSTEM VALUE VALUES (4, 'HEL-004', 'SN-AW139-003', 'AW139', 'Leonardo', 2014, '2015-09-10', 2, 'operational', 'SAR');
INSERT INTO assets (asset_id, asset_code, serial_number, model, manufacturer, manufacture_year, entry_into_service_date, current_base_id, asset_status, mission_role) OVERRIDING SYSTEM VALUE VALUES (5, 'HEL-005', 'SN-AW189-001', 'AW189', 'Leonardo', 2019, '2020-02-20', 2, 'operational', 'Offshore');
INSERT INTO assets (asset_id, asset_code, serial_number, model, manufacturer, manufacture_year, entry_into_service_date, current_base_id, asset_status, mission_role) OVERRIDING SYSTEM VALUE VALUES (6, 'HEL-006', 'SN-AW169-002', 'AW169', 'Leonardo', 2020, '2021-04-05', 2, 'grounded', 'EMS');
INSERT INTO assets (asset_id, asset_code, serial_number, model, manufacturer, manufacture_year, entry_into_service_date, current_base_id, asset_status, mission_role) OVERRIDING SYSTEM VALUE VALUES (7, 'HEL-007', 'SN-AW139-004', 'AW139', 'Leonardo', 2017, '2018-07-01', 3, 'operational', 'SAR');
INSERT INTO assets (asset_id, asset_code, serial_number, model, manufacturer, manufacture_year, entry_into_service_date, current_base_id, asset_status, mission_role) OVERRIDING SYSTEM VALUE VALUES (8, 'HEL-008', 'SN-AW189-002', 'AW189', 'Leonardo', 2018, '2019-11-20', 3, 'operational', 'Offshore');
INSERT INTO assets (asset_id, asset_code, serial_number, model, manufacturer, manufacture_year, entry_into_service_date, current_base_id, asset_status, mission_role) OVERRIDING SYSTEM VALUE VALUES (9, 'HEL-009', 'SN-AW139-005', 'AW139', 'Leonardo', 2016, '2017-05-15', 3, 'maintenance', 'SAR');
INSERT INTO assets (asset_id, asset_code, serial_number, model, manufacturer, manufacture_year, entry_into_service_date, current_base_id, asset_status, mission_role) OVERRIDING SYSTEM VALUE VALUES (10, 'HEL-010', 'SN-AW169-003', 'AW169', 'Leonardo', 2021, '2022-01-10', 4, 'operational', 'EMS');
INSERT INTO assets (asset_id, asset_code, serial_number, model, manufacturer, manufacture_year, entry_into_service_date, current_base_id, asset_status, mission_role) OVERRIDING SYSTEM VALUE VALUES (11, 'HEL-011', 'SN-AW139-006', 'AW139', 'Leonardo', 2015, '2016-08-01', 4, 'operational', 'SAR');
INSERT INTO assets (asset_id, asset_code, serial_number, model, manufacturer, manufacture_year, entry_into_service_date, current_base_id, asset_status, mission_role) OVERRIDING SYSTEM VALUE VALUES (12, 'HEL-012', 'SN-AW189-003', 'AW189', 'Leonardo', 2022, '2022-10-01', 4, 'operational', 'Offshore');

-- components_catalog (12 righe)
INSERT INTO components_catalog (component_type_id, component_code, component_name, component_category, criticality_level, vendor, standard_replacement_hours, is_repairable) OVERRIDING SYSTEM VALUE VALUES (1, 'COMP-MGB', 'Main Gearbox', 'Transmission', 'critical', 'Leonardo', 6.0, FALSE);
INSERT INTO components_catalog (component_type_id, component_code, component_name, component_category, criticality_level, vendor, standard_replacement_hours, is_repairable) OVERRIDING SYSTEM VALUE VALUES (2, 'COMP-MRB', 'Main Rotor Blade', 'Rotor', 'critical', 'Leonardo', 8.0, FALSE);
INSERT INTO components_catalog (component_type_id, component_code, component_name, component_category, criticality_level, vendor, standard_replacement_hours, is_repairable) OVERRIDING SYSTEM VALUE VALUES (3, 'COMP-TRB', 'Tail Rotor Blade', 'Rotor', 'high', 'Leonardo', 4.0, TRUE);
INSERT INTO components_catalog (component_type_id, component_code, component_name, component_category, criticality_level, vendor, standard_replacement_hours, is_repairable) OVERRIDING SYSTEM VALUE VALUES (4, 'COMP-ENG1', 'Engine 1 (PT6)', 'Propulsion', 'critical', 'Pratt&Whitney', 10.0, FALSE);
INSERT INTO components_catalog (component_type_id, component_code, component_name, component_category, criticality_level, vendor, standard_replacement_hours, is_repairable) OVERRIDING SYSTEM VALUE VALUES (5, 'COMP-ENG2', 'Engine 2 (PT6)', 'Propulsion', 'critical', 'Pratt&Whitney', 10.0, FALSE);
INSERT INTO components_catalog (component_type_id, component_code, component_name, component_category, criticality_level, vendor, standard_replacement_hours, is_repairable) OVERRIDING SYSTEM VALUE VALUES (6, 'COMP-AFCS', 'AFCS Module', 'Avionics', 'high', 'Collins', 3.0, TRUE);
INSERT INTO components_catalog (component_type_id, component_code, component_name, component_category, criticality_level, vendor, standard_replacement_hours, is_repairable) OVERRIDING SYSTEM VALUE VALUES (7, 'COMP-WSENS', 'Weight on Wheels Sensor', 'Sensors', 'medium', 'Honeywell', 1.5, TRUE);
INSERT INTO components_catalog (component_type_id, component_code, component_name, component_category, criticality_level, vendor, standard_replacement_hours, is_repairable) OVERRIDING SYSTEM VALUE VALUES (8, 'COMP-HOIST', 'Rescue Hoist', 'Mission Systems', 'high', 'Breeze Eastern', 5.0, TRUE);
INSERT INTO components_catalog (component_type_id, component_code, component_name, component_category, criticality_level, vendor, standard_replacement_hours, is_repairable) OVERRIDING SYSTEM VALUE VALUES (9, 'COMP-FILT', 'Hydraulic Filter', 'Hydraulics', 'medium', 'Parker', 1.0, TRUE);
INSERT INTO components_catalog (component_type_id, component_code, component_name, component_category, criticality_level, vendor, standard_replacement_hours, is_repairable) OVERRIDING SYSTEM VALUE VALUES (10, 'COMP-BATT', 'Main Battery Pack', 'Electrical', 'medium', 'Concorde', 2.0, TRUE);
INSERT INTO components_catalog (component_type_id, component_code, component_name, component_category, criticality_level, vendor, standard_replacement_hours, is_repairable) OVERRIDING SYSTEM VALUE VALUES (11, 'COMP-LGEAR', 'Landing Gear Assembly', 'Structure', 'high', 'Liebherr', 5.0, FALSE);
INSERT INTO components_catalog (component_type_id, component_code, component_name, component_category, criticality_level, vendor, standard_replacement_hours, is_repairable) OVERRIDING SYSTEM VALUE VALUES (12, 'COMP-CHIP', 'Chip Detector', 'Monitoring', 'low', 'Meggitt', 0.5, TRUE);

-- teams (6 righe)
INSERT INTO teams (team_id, team_code, team_name, base_id, specialization, capacity_level, status) OVERRIDING SYSTEM VALUE VALUES (1, 'TEAM-ROM-A', 'Alpha Team Roma', 1, 'Transmission & Rotor', 'senior', 'active');
INSERT INTO teams (team_id, team_code, team_name, base_id, specialization, capacity_level, status) OVERRIDING SYSTEM VALUE VALUES (2, 'TEAM-ROM-B', 'Bravo Team Roma', 1, 'Avionics & Electrical', 'expert', 'active');
INSERT INTO teams (team_id, team_code, team_name, base_id, specialization, capacity_level, status) OVERRIDING SYSTEM VALUE VALUES (3, 'TEAM-MIL-A', 'Alpha Team Milano', 2, 'Propulsion', 'senior', 'active');
INSERT INTO teams (team_id, team_code, team_name, base_id, specialization, capacity_level, status) OVERRIDING SYSTEM VALUE VALUES (4, 'TEAM-MIL-B', 'Bravo Team Milano', 2, 'Hydraulics & Structure', 'mid', 'active');
INSERT INTO teams (team_id, team_code, team_name, base_id, specialization, capacity_level, status) OVERRIDING SYSTEM VALUE VALUES (5, 'TEAM-NAP-A', 'Alpha Team Napoli', 3, 'Full Maintenance', 'senior', 'active');
INSERT INTO teams (team_id, team_code, team_name, base_id, specialization, capacity_level, status) OVERRIDING SYSTEM VALUE VALUES (6, 'TEAM-CAG-A', 'Alpha Team Cagliari', 4, 'Line Maintenance', 'mid', 'active');

-- task_catalog (12 righe)
INSERT INTO task_catalog (task_template_id, task_code, task_name, task_category, standard_duration_hours, complexity_level, requires_shutdown_flag, description) OVERRIDING SYSTEM VALUE VALUES (1, 'TASK-MGB-INS', 'Main Gearbox Inspection', 'Inspection', 3.0, 'high', FALSE, 'Ispezione completa del main gearbox');
INSERT INTO task_catalog (task_template_id, task_code, task_name, task_category, standard_duration_hours, complexity_level, requires_shutdown_flag, description) OVERRIDING SYSTEM VALUE VALUES (2, 'TASK-MGB-REP', 'Main Gearbox Replacement', 'Replacement', 6.0, 'critical', TRUE, 'Sostituzione completa del main gearbox');
INSERT INTO task_catalog (task_template_id, task_code, task_name, task_category, standard_duration_hours, complexity_level, requires_shutdown_flag, description) OVERRIDING SYSTEM VALUE VALUES (3, 'TASK-BLD-BAL', 'Rotor Blade Balancing', 'Calibration', 4.0, 'high', TRUE, 'Bilanciamento pale rotore principale');
INSERT INTO task_catalog (task_template_id, task_code, task_name, task_category, standard_duration_hours, complexity_level, requires_shutdown_flag, description) OVERRIDING SYSTEM VALUE VALUES (4, 'TASK-BLD-REP', 'Rotor Blade Replacement', 'Replacement', 8.0, 'critical', TRUE, 'Sostituzione pala rotore principale');
INSERT INTO task_catalog (task_template_id, task_code, task_name, task_category, standard_duration_hours, complexity_level, requires_shutdown_flag, description) OVERRIDING SYSTEM VALUE VALUES (5, 'TASK-ENG-INS', 'Engine Borescope Inspection', 'Inspection', 2.5, 'medium', FALSE, 'Ispezione endoscopica motore');
INSERT INTO task_catalog (task_template_id, task_code, task_name, task_category, standard_duration_hours, complexity_level, requires_shutdown_flag, description) OVERRIDING SYSTEM VALUE VALUES (6, 'TASK-ENG-WAS', 'Engine Compressor Wash', 'Cleaning', 1.5, 'low', FALSE, 'Lavaggio compressore motore');
INSERT INTO task_catalog (task_template_id, task_code, task_name, task_category, standard_duration_hours, complexity_level, requires_shutdown_flag, description) OVERRIDING SYSTEM VALUE VALUES (7, 'TASK-AFCS-TST', 'AFCS Functional Test', 'Testing', 2.0, 'medium', FALSE, 'Test funzionale del sistema AFCS');
INSERT INTO task_catalog (task_template_id, task_code, task_name, task_category, standard_duration_hours, complexity_level, requires_shutdown_flag, description) OVERRIDING SYSTEM VALUE VALUES (8, 'TASK-HYD-FLT', 'Hydraulic Filter Replacement', 'Replacement', 1.0, 'low', FALSE, 'Sostituzione filtro idraulico');
INSERT INTO task_catalog (task_template_id, task_code, task_name, task_category, standard_duration_hours, complexity_level, requires_shutdown_flag, description) OVERRIDING SYSTEM VALUE VALUES (9, 'TASK-BATT-CHK', 'Battery Health Check', 'Inspection', 0.5, 'low', FALSE, 'Verifica stato batteria principale');
INSERT INTO task_catalog (task_template_id, task_code, task_name, task_category, standard_duration_hours, complexity_level, requires_shutdown_flag, description) OVERRIDING SYSTEM VALUE VALUES (10, 'TASK-LGEAR-INS', 'Landing Gear Inspection', 'Inspection', 2.0, 'medium', FALSE, 'Ispezione gruppo carrello');
INSERT INTO task_catalog (task_template_id, task_code, task_name, task_category, standard_duration_hours, complexity_level, requires_shutdown_flag, description) OVERRIDING SYSTEM VALUE VALUES (11, 'TASK-CHIP-CHK', 'Chip Detector Check', 'Inspection', 0.5, 'low', FALSE, 'Verifica rilevatori chip metallici');
INSERT INTO task_catalog (task_template_id, task_code, task_name, task_category, standard_duration_hours, complexity_level, requires_shutdown_flag, description) OVERRIDING SYSTEM VALUE VALUES (12, 'TASK-HOIST-SVC', 'Rescue Hoist Service', 'Servicing', 3.0, 'medium', TRUE, 'Revisione e lubrificazione argano');

-- asset_components (114 righe)
INSERT INTO asset_components (asset_component_id, asset_id, component_type_id, installed_serial_number, installed_at, removed_at, installation_status, position_code) OVERRIDING SYSTEM VALUE VALUES (1, 1, 1, 'SN-SN-AW139-001-C01', '2016-03-01 00:00:00', NULL, 'installed', 'POS-01');
INSERT INTO asset_components (asset_component_id, asset_id, component_type_id, installed_serial_number, installed_at, removed_at, installation_status, position_code) OVERRIDING SYSTEM VALUE VALUES (2, 1, 2, 'SN-SN-AW139-001-C02', '2016-03-01 00:00:00', NULL, 'installed', 'POS-02');
INSERT INTO asset_components (asset_component_id, asset_id, component_type_id, installed_serial_number, installed_at, removed_at, installation_status, position_code) OVERRIDING SYSTEM VALUE VALUES (3, 1, 3, 'SN-SN-AW139-001-C03', '2016-03-01 00:00:00', NULL, 'installed', 'POS-03');
INSERT INTO asset_components (asset_component_id, asset_id, component_type_id, installed_serial_number, installed_at, removed_at, installation_status, position_code) OVERRIDING SYSTEM VALUE VALUES (4, 1, 4, 'SN-SN-AW139-001-C04', '2016-03-01 00:00:00', NULL, 'installed', 'POS-04');
INSERT INTO asset_components (asset_component_id, asset_id, component_type_id, installed_serial_number, installed_at, removed_at, installation_status, position_code) OVERRIDING SYSTEM VALUE VALUES (5, 1, 5, 'SN-SN-AW139-001-C05', '2016-03-01 00:00:00', NULL, 'installed', 'POS-05');
INSERT INTO asset_components (asset_component_id, asset_id, component_type_id, installed_serial_number, installed_at, removed_at, installation_status, position_code) OVERRIDING SYSTEM VALUE VALUES (6, 1, 6, 'SN-SN-AW139-001-C06', '2016-03-01 00:00:00', NULL, 'installed', 'POS-06');
INSERT INTO asset_components (asset_component_id, asset_id, component_type_id, installed_serial_number, installed_at, removed_at, installation_status, position_code) OVERRIDING SYSTEM VALUE VALUES (7, 1, 10, 'SN-SN-AW139-001-C10', '2016-03-01 00:00:00', NULL, 'installed', 'POS-10');
INSERT INTO asset_components (asset_component_id, asset_id, component_type_id, installed_serial_number, installed_at, removed_at, installation_status, position_code) OVERRIDING SYSTEM VALUE VALUES (8, 1, 11, 'SN-SN-AW139-001-C11', '2016-03-01 00:00:00', NULL, 'installed', 'POS-11');
INSERT INTO asset_components (asset_component_id, asset_id, component_type_id, installed_serial_number, installed_at, removed_at, installation_status, position_code) OVERRIDING SYSTEM VALUE VALUES (9, 1, 8, 'SN-SN-AW139-001-C08', '2016-03-01 00:00:00', NULL, 'installed', 'POS-08');
INSERT INTO asset_components (asset_component_id, asset_id, component_type_id, installed_serial_number, installed_at, removed_at, installation_status, position_code) OVERRIDING SYSTEM VALUE VALUES (10, 1, 12, 'SN-SN-AW139-001-C12', '2016-03-01 00:00:00', NULL, 'installed', 'POS-12');
INSERT INTO asset_components (asset_component_id, asset_id, component_type_id, installed_serial_number, installed_at, removed_at, installation_status, position_code) OVERRIDING SYSTEM VALUE VALUES (11, 2, 1, 'SN-SN-AW139-002-C01', '2017-01-15 00:00:00', NULL, 'installed', 'POS-01');
INSERT INTO asset_components (asset_component_id, asset_id, component_type_id, installed_serial_number, installed_at, removed_at, installation_status, position_code) OVERRIDING SYSTEM VALUE VALUES (12, 2, 2, 'SN-SN-AW139-002-C02', '2017-01-15 00:00:00', NULL, 'installed', 'POS-02');
INSERT INTO asset_components (asset_component_id, asset_id, component_type_id, installed_serial_number, installed_at, removed_at, installation_status, position_code) OVERRIDING SYSTEM VALUE VALUES (13, 2, 3, 'SN-SN-AW139-002-C03', '2017-01-15 00:00:00', NULL, 'installed', 'POS-03');
INSERT INTO asset_components (asset_component_id, asset_id, component_type_id, installed_serial_number, installed_at, removed_at, installation_status, position_code) OVERRIDING SYSTEM VALUE VALUES (14, 2, 4, 'SN-SN-AW139-002-C04', '2017-01-15 00:00:00', NULL, 'installed', 'POS-04');
INSERT INTO asset_components (asset_component_id, asset_id, component_type_id, installed_serial_number, installed_at, removed_at, installation_status, position_code) OVERRIDING SYSTEM VALUE VALUES (15, 2, 5, 'SN-SN-AW139-002-C05', '2017-01-15 00:00:00', NULL, 'installed', 'POS-05');
INSERT INTO asset_components (asset_component_id, asset_id, component_type_id, installed_serial_number, installed_at, removed_at, installation_status, position_code) OVERRIDING SYSTEM VALUE VALUES (16, 2, 6, 'SN-SN-AW139-002-C06', '2017-01-15 00:00:00', NULL, 'installed', 'POS-06');
INSERT INTO asset_components (asset_component_id, asset_id, component_type_id, installed_serial_number, installed_at, removed_at, installation_status, position_code) OVERRIDING SYSTEM VALUE VALUES (17, 2, 10, 'SN-SN-AW139-002-C10', '2017-01-15 00:00:00', NULL, 'installed', 'POS-10');
INSERT INTO asset_components (asset_component_id, asset_id, component_type_id, installed_serial_number, installed_at, removed_at, installation_status, position_code) OVERRIDING SYSTEM VALUE VALUES (18, 2, 11, 'SN-SN-AW139-002-C11', '2017-01-15 00:00:00', NULL, 'installed', 'POS-11');
INSERT INTO asset_components (asset_component_id, asset_id, component_type_id, installed_serial_number, installed_at, removed_at, installation_status, position_code) OVERRIDING SYSTEM VALUE VALUES (19, 2, 8, 'SN-SN-AW139-002-C08', '2017-01-15 00:00:00', NULL, 'installed', 'POS-08');
INSERT INTO asset_components (asset_component_id, asset_id, component_type_id, installed_serial_number, installed_at, removed_at, installation_status, position_code) OVERRIDING SYSTEM VALUE VALUES (20, 2, 12, 'SN-SN-AW139-002-C12', '2017-01-15 00:00:00', NULL, 'installed', 'POS-12');
INSERT INTO asset_components (asset_component_id, asset_id, component_type_id, installed_serial_number, installed_at, removed_at, installation_status, position_code) OVERRIDING SYSTEM VALUE VALUES (21, 3, 1, 'SN-SN-AW169-001-C01', '2019-06-01 00:00:00', NULL, 'installed', 'POS-01');
INSERT INTO asset_components (asset_component_id, asset_id, component_type_id, installed_serial_number, installed_at, removed_at, installation_status, position_code) OVERRIDING SYSTEM VALUE VALUES (22, 3, 2, 'SN-SN-AW169-001-C02', '2019-06-01 00:00:00', NULL, 'installed', 'POS-02');
INSERT INTO asset_components (asset_component_id, asset_id, component_type_id, installed_serial_number, installed_at, removed_at, installation_status, position_code) OVERRIDING SYSTEM VALUE VALUES (23, 3, 3, 'SN-SN-AW169-001-C03', '2019-06-01 00:00:00', NULL, 'installed', 'POS-03');
INSERT INTO asset_components (asset_component_id, asset_id, component_type_id, installed_serial_number, installed_at, removed_at, installation_status, position_code) OVERRIDING SYSTEM VALUE VALUES (24, 3, 4, 'SN-SN-AW169-001-C04', '2019-06-01 00:00:00', NULL, 'installed', 'POS-04');
INSERT INTO asset_components (asset_component_id, asset_id, component_type_id, installed_serial_number, installed_at, removed_at, installation_status, position_code) OVERRIDING SYSTEM VALUE VALUES (25, 3, 5, 'SN-SN-AW169-001-C05', '2019-06-01 00:00:00', NULL, 'installed', 'POS-05');
INSERT INTO asset_components (asset_component_id, asset_id, component_type_id, installed_serial_number, installed_at, removed_at, installation_status, position_code) OVERRIDING SYSTEM VALUE VALUES (26, 3, 6, 'SN-SN-AW169-001-C06', '2019-06-01 00:00:00', NULL, 'installed', 'POS-06');
INSERT INTO asset_components (asset_component_id, asset_id, component_type_id, installed_serial_number, installed_at, removed_at, installation_status, position_code) OVERRIDING SYSTEM VALUE VALUES (27, 3, 10, 'SN-SN-AW169-001-C10', '2019-06-01 00:00:00', NULL, 'installed', 'POS-10');
INSERT INTO asset_components (asset_component_id, asset_id, component_type_id, installed_serial_number, installed_at, removed_at, installation_status, position_code) OVERRIDING SYSTEM VALUE VALUES (28, 3, 11, 'SN-SN-AW169-001-C11', '2019-06-01 00:00:00', NULL, 'installed', 'POS-11');
INSERT INTO asset_components (asset_component_id, asset_id, component_type_id, installed_serial_number, installed_at, removed_at, installation_status, position_code) OVERRIDING SYSTEM VALUE VALUES (29, 3, 8, 'SN-SN-AW169-001-C08', '2019-06-01 00:00:00', NULL, 'installed', 'POS-08');
INSERT INTO asset_components (asset_component_id, asset_id, component_type_id, installed_serial_number, installed_at, removed_at, installation_status, position_code) OVERRIDING SYSTEM VALUE VALUES (30, 3, 12, 'SN-SN-AW169-001-C12', '2019-06-01 00:00:00', NULL, 'installed', 'POS-12');
INSERT INTO asset_components (asset_component_id, asset_id, component_type_id, installed_serial_number, installed_at, removed_at, installation_status, position_code) OVERRIDING SYSTEM VALUE VALUES (31, 4, 1, 'SN-SN-AW139-003-C01', '2015-09-10 00:00:00', NULL, 'installed', 'POS-01');
INSERT INTO asset_components (asset_component_id, asset_id, component_type_id, installed_serial_number, installed_at, removed_at, installation_status, position_code) OVERRIDING SYSTEM VALUE VALUES (32, 4, 2, 'SN-SN-AW139-003-C02', '2015-09-10 00:00:00', NULL, 'installed', 'POS-02');
INSERT INTO asset_components (asset_component_id, asset_id, component_type_id, installed_serial_number, installed_at, removed_at, installation_status, position_code) OVERRIDING SYSTEM VALUE VALUES (33, 4, 3, 'SN-SN-AW139-003-C03', '2015-09-10 00:00:00', NULL, 'installed', 'POS-03');
INSERT INTO asset_components (asset_component_id, asset_id, component_type_id, installed_serial_number, installed_at, removed_at, installation_status, position_code) OVERRIDING SYSTEM VALUE VALUES (34, 4, 4, 'SN-SN-AW139-003-C04', '2015-09-10 00:00:00', NULL, 'installed', 'POS-04');
INSERT INTO asset_components (asset_component_id, asset_id, component_type_id, installed_serial_number, installed_at, removed_at, installation_status, position_code) OVERRIDING SYSTEM VALUE VALUES (35, 4, 5, 'SN-SN-AW139-003-C05', '2015-09-10 00:00:00', NULL, 'installed', 'POS-05');
INSERT INTO asset_components (asset_component_id, asset_id, component_type_id, installed_serial_number, installed_at, removed_at, installation_status, position_code) OVERRIDING SYSTEM VALUE VALUES (36, 4, 6, 'SN-SN-AW139-003-C06', '2015-09-10 00:00:00', NULL, 'installed', 'POS-06');
INSERT INTO asset_components (asset_component_id, asset_id, component_type_id, installed_serial_number, installed_at, removed_at, installation_status, position_code) OVERRIDING SYSTEM VALUE VALUES (37, 4, 10, 'SN-SN-AW139-003-C10', '2015-09-10 00:00:00', NULL, 'installed', 'POS-10');
INSERT INTO asset_components (asset_component_id, asset_id, component_type_id, installed_serial_number, installed_at, removed_at, installation_status, position_code) OVERRIDING SYSTEM VALUE VALUES (38, 4, 11, 'SN-SN-AW139-003-C11', '2015-09-10 00:00:00', NULL, 'installed', 'POS-11');
INSERT INTO asset_components (asset_component_id, asset_id, component_type_id, installed_serial_number, installed_at, removed_at, installation_status, position_code) OVERRIDING SYSTEM VALUE VALUES (39, 4, 8, 'SN-SN-AW139-003-C08', '2015-09-10 00:00:00', NULL, 'installed', 'POS-08');
INSERT INTO asset_components (asset_component_id, asset_id, component_type_id, installed_serial_number, installed_at, removed_at, installation_status, position_code) OVERRIDING SYSTEM VALUE VALUES (40, 4, 12, 'SN-SN-AW139-003-C12', '2015-09-10 00:00:00', NULL, 'installed', 'POS-12');
INSERT INTO asset_components (asset_component_id, asset_id, component_type_id, installed_serial_number, installed_at, removed_at, installation_status, position_code) OVERRIDING SYSTEM VALUE VALUES (41, 5, 1, 'SN-SN-AW189-001-C01', '2020-02-20 00:00:00', NULL, 'installed', 'POS-01');
INSERT INTO asset_components (asset_component_id, asset_id, component_type_id, installed_serial_number, installed_at, removed_at, installation_status, position_code) OVERRIDING SYSTEM VALUE VALUES (42, 5, 2, 'SN-SN-AW189-001-C02', '2020-02-20 00:00:00', NULL, 'installed', 'POS-02');
INSERT INTO asset_components (asset_component_id, asset_id, component_type_id, installed_serial_number, installed_at, removed_at, installation_status, position_code) OVERRIDING SYSTEM VALUE VALUES (43, 5, 3, 'SN-SN-AW189-001-C03', '2020-02-20 00:00:00', NULL, 'installed', 'POS-03');
INSERT INTO asset_components (asset_component_id, asset_id, component_type_id, installed_serial_number, installed_at, removed_at, installation_status, position_code) OVERRIDING SYSTEM VALUE VALUES (44, 5, 4, 'SN-SN-AW189-001-C04', '2020-02-20 00:00:00', NULL, 'installed', 'POS-04');
INSERT INTO asset_components (asset_component_id, asset_id, component_type_id, installed_serial_number, installed_at, removed_at, installation_status, position_code) OVERRIDING SYSTEM VALUE VALUES (45, 5, 5, 'SN-SN-AW189-001-C05', '2020-02-20 00:00:00', NULL, 'installed', 'POS-05');
INSERT INTO asset_components (asset_component_id, asset_id, component_type_id, installed_serial_number, installed_at, removed_at, installation_status, position_code) OVERRIDING SYSTEM VALUE VALUES (46, 5, 6, 'SN-SN-AW189-001-C06', '2020-02-20 00:00:00', NULL, 'installed', 'POS-06');
INSERT INTO asset_components (asset_component_id, asset_id, component_type_id, installed_serial_number, installed_at, removed_at, installation_status, position_code) OVERRIDING SYSTEM VALUE VALUES (47, 5, 10, 'SN-SN-AW189-001-C10', '2020-02-20 00:00:00', NULL, 'installed', 'POS-10');
INSERT INTO asset_components (asset_component_id, asset_id, component_type_id, installed_serial_number, installed_at, removed_at, installation_status, position_code) OVERRIDING SYSTEM VALUE VALUES (48, 5, 11, 'SN-SN-AW189-001-C11', '2020-02-20 00:00:00', NULL, 'installed', 'POS-11');
INSERT INTO asset_components (asset_component_id, asset_id, component_type_id, installed_serial_number, installed_at, removed_at, installation_status, position_code) OVERRIDING SYSTEM VALUE VALUES (49, 6, 1, 'SN-SN-AW169-002-C01', '2021-04-05 00:00:00', NULL, 'installed', 'POS-01');
INSERT INTO asset_components (asset_component_id, asset_id, component_type_id, installed_serial_number, installed_at, removed_at, installation_status, position_code) OVERRIDING SYSTEM VALUE VALUES (50, 6, 2, 'SN-SN-AW169-002-C02', '2021-04-05 00:00:00', NULL, 'installed', 'POS-02');
INSERT INTO asset_components (asset_component_id, asset_id, component_type_id, installed_serial_number, installed_at, removed_at, installation_status, position_code) OVERRIDING SYSTEM VALUE VALUES (51, 6, 3, 'SN-SN-AW169-002-C03', '2021-04-05 00:00:00', NULL, 'installed', 'POS-03');
INSERT INTO asset_components (asset_component_id, asset_id, component_type_id, installed_serial_number, installed_at, removed_at, installation_status, position_code) OVERRIDING SYSTEM VALUE VALUES (52, 6, 4, 'SN-SN-AW169-002-C04', '2021-04-05 00:00:00', NULL, 'installed', 'POS-04');
INSERT INTO asset_components (asset_component_id, asset_id, component_type_id, installed_serial_number, installed_at, removed_at, installation_status, position_code) OVERRIDING SYSTEM VALUE VALUES (53, 6, 5, 'SN-SN-AW169-002-C05', '2021-04-05 00:00:00', NULL, 'installed', 'POS-05');
INSERT INTO asset_components (asset_component_id, asset_id, component_type_id, installed_serial_number, installed_at, removed_at, installation_status, position_code) OVERRIDING SYSTEM VALUE VALUES (54, 6, 6, 'SN-SN-AW169-002-C06', '2021-04-05 00:00:00', NULL, 'installed', 'POS-06');
INSERT INTO asset_components (asset_component_id, asset_id, component_type_id, installed_serial_number, installed_at, removed_at, installation_status, position_code) OVERRIDING SYSTEM VALUE VALUES (55, 6, 10, 'SN-SN-AW169-002-C10', '2021-04-05 00:00:00', NULL, 'installed', 'POS-10');
INSERT INTO asset_components (asset_component_id, asset_id, component_type_id, installed_serial_number, installed_at, removed_at, installation_status, position_code) OVERRIDING SYSTEM VALUE VALUES (56, 6, 11, 'SN-SN-AW169-002-C11', '2021-04-05 00:00:00', NULL, 'installed', 'POS-11');
INSERT INTO asset_components (asset_component_id, asset_id, component_type_id, installed_serial_number, installed_at, removed_at, installation_status, position_code) OVERRIDING SYSTEM VALUE VALUES (57, 6, 8, 'SN-SN-AW169-002-C08', '2021-04-05 00:00:00', NULL, 'installed', 'POS-08');
INSERT INTO asset_components (asset_component_id, asset_id, component_type_id, installed_serial_number, installed_at, removed_at, installation_status, position_code) OVERRIDING SYSTEM VALUE VALUES (58, 6, 12, 'SN-SN-AW169-002-C12', '2021-04-05 00:00:00', NULL, 'installed', 'POS-12');
INSERT INTO asset_components (asset_component_id, asset_id, component_type_id, installed_serial_number, installed_at, removed_at, installation_status, position_code) OVERRIDING SYSTEM VALUE VALUES (59, 7, 1, 'SN-SN-AW139-004-C01', '2018-07-01 00:00:00', NULL, 'installed', 'POS-01');
INSERT INTO asset_components (asset_component_id, asset_id, component_type_id, installed_serial_number, installed_at, removed_at, installation_status, position_code) OVERRIDING SYSTEM VALUE VALUES (60, 7, 2, 'SN-SN-AW139-004-C02', '2018-07-01 00:00:00', NULL, 'installed', 'POS-02');
INSERT INTO asset_components (asset_component_id, asset_id, component_type_id, installed_serial_number, installed_at, removed_at, installation_status, position_code) OVERRIDING SYSTEM VALUE VALUES (61, 7, 3, 'SN-SN-AW139-004-C03', '2018-07-01 00:00:00', NULL, 'installed', 'POS-03');
INSERT INTO asset_components (asset_component_id, asset_id, component_type_id, installed_serial_number, installed_at, removed_at, installation_status, position_code) OVERRIDING SYSTEM VALUE VALUES (62, 7, 4, 'SN-SN-AW139-004-C04', '2018-07-01 00:00:00', NULL, 'installed', 'POS-04');
INSERT INTO asset_components (asset_component_id, asset_id, component_type_id, installed_serial_number, installed_at, removed_at, installation_status, position_code) OVERRIDING SYSTEM VALUE VALUES (63, 7, 5, 'SN-SN-AW139-004-C05', '2018-07-01 00:00:00', NULL, 'installed', 'POS-05');
INSERT INTO asset_components (asset_component_id, asset_id, component_type_id, installed_serial_number, installed_at, removed_at, installation_status, position_code) OVERRIDING SYSTEM VALUE VALUES (64, 7, 6, 'SN-SN-AW139-004-C06', '2018-07-01 00:00:00', NULL, 'installed', 'POS-06');
INSERT INTO asset_components (asset_component_id, asset_id, component_type_id, installed_serial_number, installed_at, removed_at, installation_status, position_code) OVERRIDING SYSTEM VALUE VALUES (65, 7, 10, 'SN-SN-AW139-004-C10', '2018-07-01 00:00:00', NULL, 'installed', 'POS-10');
INSERT INTO asset_components (asset_component_id, asset_id, component_type_id, installed_serial_number, installed_at, removed_at, installation_status, position_code) OVERRIDING SYSTEM VALUE VALUES (66, 7, 11, 'SN-SN-AW139-004-C11', '2018-07-01 00:00:00', NULL, 'installed', 'POS-11');
INSERT INTO asset_components (asset_component_id, asset_id, component_type_id, installed_serial_number, installed_at, removed_at, installation_status, position_code) OVERRIDING SYSTEM VALUE VALUES (67, 7, 8, 'SN-SN-AW139-004-C08', '2018-07-01 00:00:00', NULL, 'installed', 'POS-08');
INSERT INTO asset_components (asset_component_id, asset_id, component_type_id, installed_serial_number, installed_at, removed_at, installation_status, position_code) OVERRIDING SYSTEM VALUE VALUES (68, 7, 12, 'SN-SN-AW139-004-C12', '2018-07-01 00:00:00', NULL, 'installed', 'POS-12');
INSERT INTO asset_components (asset_component_id, asset_id, component_type_id, installed_serial_number, installed_at, removed_at, installation_status, position_code) OVERRIDING SYSTEM VALUE VALUES (69, 8, 1, 'SN-SN-AW189-002-C01', '2019-11-20 00:00:00', NULL, 'installed', 'POS-01');
INSERT INTO asset_components (asset_component_id, asset_id, component_type_id, installed_serial_number, installed_at, removed_at, installation_status, position_code) OVERRIDING SYSTEM VALUE VALUES (70, 8, 2, 'SN-SN-AW189-002-C02', '2019-11-20 00:00:00', NULL, 'installed', 'POS-02');
INSERT INTO asset_components (asset_component_id, asset_id, component_type_id, installed_serial_number, installed_at, removed_at, installation_status, position_code) OVERRIDING SYSTEM VALUE VALUES (71, 8, 3, 'SN-SN-AW189-002-C03', '2019-11-20 00:00:00', NULL, 'installed', 'POS-03');
INSERT INTO asset_components (asset_component_id, asset_id, component_type_id, installed_serial_number, installed_at, removed_at, installation_status, position_code) OVERRIDING SYSTEM VALUE VALUES (72, 8, 4, 'SN-SN-AW189-002-C04', '2019-11-20 00:00:00', NULL, 'installed', 'POS-04');
INSERT INTO asset_components (asset_component_id, asset_id, component_type_id, installed_serial_number, installed_at, removed_at, installation_status, position_code) OVERRIDING SYSTEM VALUE VALUES (73, 8, 5, 'SN-SN-AW189-002-C05', '2019-11-20 00:00:00', NULL, 'installed', 'POS-05');
INSERT INTO asset_components (asset_component_id, asset_id, component_type_id, installed_serial_number, installed_at, removed_at, installation_status, position_code) OVERRIDING SYSTEM VALUE VALUES (74, 8, 6, 'SN-SN-AW189-002-C06', '2019-11-20 00:00:00', NULL, 'installed', 'POS-06');
INSERT INTO asset_components (asset_component_id, asset_id, component_type_id, installed_serial_number, installed_at, removed_at, installation_status, position_code) OVERRIDING SYSTEM VALUE VALUES (75, 8, 10, 'SN-SN-AW189-002-C10', '2019-11-20 00:00:00', NULL, 'installed', 'POS-10');
INSERT INTO asset_components (asset_component_id, asset_id, component_type_id, installed_serial_number, installed_at, removed_at, installation_status, position_code) OVERRIDING SYSTEM VALUE VALUES (76, 8, 11, 'SN-SN-AW189-002-C11', '2019-11-20 00:00:00', NULL, 'installed', 'POS-11');
INSERT INTO asset_components (asset_component_id, asset_id, component_type_id, installed_serial_number, installed_at, removed_at, installation_status, position_code) OVERRIDING SYSTEM VALUE VALUES (77, 9, 1, 'SN-SN-AW139-005-C01', '2017-05-15 00:00:00', NULL, 'installed', 'POS-01');
INSERT INTO asset_components (asset_component_id, asset_id, component_type_id, installed_serial_number, installed_at, removed_at, installation_status, position_code) OVERRIDING SYSTEM VALUE VALUES (78, 9, 2, 'SN-SN-AW139-005-C02', '2017-05-15 00:00:00', NULL, 'installed', 'POS-02');
INSERT INTO asset_components (asset_component_id, asset_id, component_type_id, installed_serial_number, installed_at, removed_at, installation_status, position_code) OVERRIDING SYSTEM VALUE VALUES (79, 9, 3, 'SN-SN-AW139-005-C03', '2017-05-15 00:00:00', NULL, 'installed', 'POS-03');
INSERT INTO asset_components (asset_component_id, asset_id, component_type_id, installed_serial_number, installed_at, removed_at, installation_status, position_code) OVERRIDING SYSTEM VALUE VALUES (80, 9, 4, 'SN-SN-AW139-005-C04', '2017-05-15 00:00:00', NULL, 'installed', 'POS-04');
INSERT INTO asset_components (asset_component_id, asset_id, component_type_id, installed_serial_number, installed_at, removed_at, installation_status, position_code) OVERRIDING SYSTEM VALUE VALUES (81, 9, 5, 'SN-SN-AW139-005-C05', '2017-05-15 00:00:00', NULL, 'installed', 'POS-05');
INSERT INTO asset_components (asset_component_id, asset_id, component_type_id, installed_serial_number, installed_at, removed_at, installation_status, position_code) OVERRIDING SYSTEM VALUE VALUES (82, 9, 6, 'SN-SN-AW139-005-C06', '2017-05-15 00:00:00', NULL, 'installed', 'POS-06');
INSERT INTO asset_components (asset_component_id, asset_id, component_type_id, installed_serial_number, installed_at, removed_at, installation_status, position_code) OVERRIDING SYSTEM VALUE VALUES (83, 9, 10, 'SN-SN-AW139-005-C10', '2017-05-15 00:00:00', NULL, 'installed', 'POS-10');
INSERT INTO asset_components (asset_component_id, asset_id, component_type_id, installed_serial_number, installed_at, removed_at, installation_status, position_code) OVERRIDING SYSTEM VALUE VALUES (84, 9, 11, 'SN-SN-AW139-005-C11', '2017-05-15 00:00:00', NULL, 'installed', 'POS-11');
INSERT INTO asset_components (asset_component_id, asset_id, component_type_id, installed_serial_number, installed_at, removed_at, installation_status, position_code) OVERRIDING SYSTEM VALUE VALUES (85, 9, 8, 'SN-SN-AW139-005-C08', '2017-05-15 00:00:00', NULL, 'installed', 'POS-08');
INSERT INTO asset_components (asset_component_id, asset_id, component_type_id, installed_serial_number, installed_at, removed_at, installation_status, position_code) OVERRIDING SYSTEM VALUE VALUES (86, 9, 12, 'SN-SN-AW139-005-C12', '2017-05-15 00:00:00', NULL, 'installed', 'POS-12');
INSERT INTO asset_components (asset_component_id, asset_id, component_type_id, installed_serial_number, installed_at, removed_at, installation_status, position_code) OVERRIDING SYSTEM VALUE VALUES (87, 10, 1, 'SN-SN-AW169-003-C01', '2022-01-10 00:00:00', NULL, 'installed', 'POS-01');
INSERT INTO asset_components (asset_component_id, asset_id, component_type_id, installed_serial_number, installed_at, removed_at, installation_status, position_code) OVERRIDING SYSTEM VALUE VALUES (88, 10, 2, 'SN-SN-AW169-003-C02', '2022-01-10 00:00:00', NULL, 'installed', 'POS-02');
INSERT INTO asset_components (asset_component_id, asset_id, component_type_id, installed_serial_number, installed_at, removed_at, installation_status, position_code) OVERRIDING SYSTEM VALUE VALUES (89, 10, 3, 'SN-SN-AW169-003-C03', '2022-01-10 00:00:00', NULL, 'installed', 'POS-03');
INSERT INTO asset_components (asset_component_id, asset_id, component_type_id, installed_serial_number, installed_at, removed_at, installation_status, position_code) OVERRIDING SYSTEM VALUE VALUES (90, 10, 4, 'SN-SN-AW169-003-C04', '2022-01-10 00:00:00', NULL, 'installed', 'POS-04');
INSERT INTO asset_components (asset_component_id, asset_id, component_type_id, installed_serial_number, installed_at, removed_at, installation_status, position_code) OVERRIDING SYSTEM VALUE VALUES (91, 10, 5, 'SN-SN-AW169-003-C05', '2022-01-10 00:00:00', NULL, 'installed', 'POS-05');
INSERT INTO asset_components (asset_component_id, asset_id, component_type_id, installed_serial_number, installed_at, removed_at, installation_status, position_code) OVERRIDING SYSTEM VALUE VALUES (92, 10, 6, 'SN-SN-AW169-003-C06', '2022-01-10 00:00:00', NULL, 'installed', 'POS-06');
INSERT INTO asset_components (asset_component_id, asset_id, component_type_id, installed_serial_number, installed_at, removed_at, installation_status, position_code) OVERRIDING SYSTEM VALUE VALUES (93, 10, 10, 'SN-SN-AW169-003-C10', '2022-01-10 00:00:00', NULL, 'installed', 'POS-10');
INSERT INTO asset_components (asset_component_id, asset_id, component_type_id, installed_serial_number, installed_at, removed_at, installation_status, position_code) OVERRIDING SYSTEM VALUE VALUES (94, 10, 11, 'SN-SN-AW169-003-C11', '2022-01-10 00:00:00', NULL, 'installed', 'POS-11');
INSERT INTO asset_components (asset_component_id, asset_id, component_type_id, installed_serial_number, installed_at, removed_at, installation_status, position_code) OVERRIDING SYSTEM VALUE VALUES (95, 10, 8, 'SN-SN-AW169-003-C08', '2022-01-10 00:00:00', NULL, 'installed', 'POS-08');
INSERT INTO asset_components (asset_component_id, asset_id, component_type_id, installed_serial_number, installed_at, removed_at, installation_status, position_code) OVERRIDING SYSTEM VALUE VALUES (96, 10, 12, 'SN-SN-AW169-003-C12', '2022-01-10 00:00:00', NULL, 'installed', 'POS-12');
INSERT INTO asset_components (asset_component_id, asset_id, component_type_id, installed_serial_number, installed_at, removed_at, installation_status, position_code) OVERRIDING SYSTEM VALUE VALUES (97, 11, 1, 'SN-SN-AW139-006-C01', '2016-08-01 00:00:00', NULL, 'installed', 'POS-01');
INSERT INTO asset_components (asset_component_id, asset_id, component_type_id, installed_serial_number, installed_at, removed_at, installation_status, position_code) OVERRIDING SYSTEM VALUE VALUES (98, 11, 2, 'SN-SN-AW139-006-C02', '2016-08-01 00:00:00', NULL, 'installed', 'POS-02');
INSERT INTO asset_components (asset_component_id, asset_id, component_type_id, installed_serial_number, installed_at, removed_at, installation_status, position_code) OVERRIDING SYSTEM VALUE VALUES (99, 11, 3, 'SN-SN-AW139-006-C03', '2016-08-01 00:00:00', NULL, 'installed', 'POS-03');
INSERT INTO asset_components (asset_component_id, asset_id, component_type_id, installed_serial_number, installed_at, removed_at, installation_status, position_code) OVERRIDING SYSTEM VALUE VALUES (100, 11, 4, 'SN-SN-AW139-006-C04', '2016-08-01 00:00:00', NULL, 'installed', 'POS-04');
INSERT INTO asset_components (asset_component_id, asset_id, component_type_id, installed_serial_number, installed_at, removed_at, installation_status, position_code) OVERRIDING SYSTEM VALUE VALUES (101, 11, 5, 'SN-SN-AW139-006-C05', '2016-08-01 00:00:00', NULL, 'installed', 'POS-05');
INSERT INTO asset_components (asset_component_id, asset_id, component_type_id, installed_serial_number, installed_at, removed_at, installation_status, position_code) OVERRIDING SYSTEM VALUE VALUES (102, 11, 6, 'SN-SN-AW139-006-C06', '2016-08-01 00:00:00', NULL, 'installed', 'POS-06');
INSERT INTO asset_components (asset_component_id, asset_id, component_type_id, installed_serial_number, installed_at, removed_at, installation_status, position_code) OVERRIDING SYSTEM VALUE VALUES (103, 11, 10, 'SN-SN-AW139-006-C10', '2016-08-01 00:00:00', NULL, 'installed', 'POS-10');
INSERT INTO asset_components (asset_component_id, asset_id, component_type_id, installed_serial_number, installed_at, removed_at, installation_status, position_code) OVERRIDING SYSTEM VALUE VALUES (104, 11, 11, 'SN-SN-AW139-006-C11', '2016-08-01 00:00:00', NULL, 'installed', 'POS-11');
INSERT INTO asset_components (asset_component_id, asset_id, component_type_id, installed_serial_number, installed_at, removed_at, installation_status, position_code) OVERRIDING SYSTEM VALUE VALUES (105, 11, 8, 'SN-SN-AW139-006-C08', '2016-08-01 00:00:00', NULL, 'installed', 'POS-08');
INSERT INTO asset_components (asset_component_id, asset_id, component_type_id, installed_serial_number, installed_at, removed_at, installation_status, position_code) OVERRIDING SYSTEM VALUE VALUES (106, 11, 12, 'SN-SN-AW139-006-C12', '2016-08-01 00:00:00', NULL, 'installed', 'POS-12');
INSERT INTO asset_components (asset_component_id, asset_id, component_type_id, installed_serial_number, installed_at, removed_at, installation_status, position_code) OVERRIDING SYSTEM VALUE VALUES (107, 12, 1, 'SN-SN-AW189-003-C01', '2022-10-01 00:00:00', NULL, 'installed', 'POS-01');
INSERT INTO asset_components (asset_component_id, asset_id, component_type_id, installed_serial_number, installed_at, removed_at, installation_status, position_code) OVERRIDING SYSTEM VALUE VALUES (108, 12, 2, 'SN-SN-AW189-003-C02', '2022-10-01 00:00:00', NULL, 'installed', 'POS-02');
INSERT INTO asset_components (asset_component_id, asset_id, component_type_id, installed_serial_number, installed_at, removed_at, installation_status, position_code) OVERRIDING SYSTEM VALUE VALUES (109, 12, 3, 'SN-SN-AW189-003-C03', '2022-10-01 00:00:00', NULL, 'installed', 'POS-03');
INSERT INTO asset_components (asset_component_id, asset_id, component_type_id, installed_serial_number, installed_at, removed_at, installation_status, position_code) OVERRIDING SYSTEM VALUE VALUES (110, 12, 4, 'SN-SN-AW189-003-C04', '2022-10-01 00:00:00', NULL, 'installed', 'POS-04');
INSERT INTO asset_components (asset_component_id, asset_id, component_type_id, installed_serial_number, installed_at, removed_at, installation_status, position_code) OVERRIDING SYSTEM VALUE VALUES (111, 12, 5, 'SN-SN-AW189-003-C05', '2022-10-01 00:00:00', NULL, 'installed', 'POS-05');
INSERT INTO asset_components (asset_component_id, asset_id, component_type_id, installed_serial_number, installed_at, removed_at, installation_status, position_code) OVERRIDING SYSTEM VALUE VALUES (112, 12, 6, 'SN-SN-AW189-003-C06', '2022-10-01 00:00:00', NULL, 'installed', 'POS-06');
INSERT INTO asset_components (asset_component_id, asset_id, component_type_id, installed_serial_number, installed_at, removed_at, installation_status, position_code) OVERRIDING SYSTEM VALUE VALUES (113, 12, 10, 'SN-SN-AW189-003-C10', '2022-10-01 00:00:00', NULL, 'installed', 'POS-10');
INSERT INTO asset_components (asset_component_id, asset_id, component_type_id, installed_serial_number, installed_at, removed_at, installation_status, position_code) OVERRIDING SYSTEM VALUE VALUES (114, 12, 11, 'SN-SN-AW189-003-C11', '2022-10-01 00:00:00', NULL, 'installed', 'POS-11');

-- asset_base_history (12 righe)
INSERT INTO asset_base_history (asset_base_history_id, asset_id, base_id, start_date, end_date, transfer_reason, is_current_flag) OVERRIDING SYSTEM VALUE VALUES (1, 1, 1, '2016-03-01', NULL, NULL, TRUE);
INSERT INTO asset_base_history (asset_base_history_id, asset_id, base_id, start_date, end_date, transfer_reason, is_current_flag) OVERRIDING SYSTEM VALUE VALUES (2, 2, 1, '2017-01-15', NULL, NULL, TRUE);
INSERT INTO asset_base_history (asset_base_history_id, asset_id, base_id, start_date, end_date, transfer_reason, is_current_flag) OVERRIDING SYSTEM VALUE VALUES (3, 3, 1, '2019-06-01', NULL, NULL, TRUE);
INSERT INTO asset_base_history (asset_base_history_id, asset_id, base_id, start_date, end_date, transfer_reason, is_current_flag) OVERRIDING SYSTEM VALUE VALUES (4, 4, 2, '2015-09-10', NULL, NULL, TRUE);
INSERT INTO asset_base_history (asset_base_history_id, asset_id, base_id, start_date, end_date, transfer_reason, is_current_flag) OVERRIDING SYSTEM VALUE VALUES (5, 5, 2, '2020-02-20', NULL, NULL, TRUE);
INSERT INTO asset_base_history (asset_base_history_id, asset_id, base_id, start_date, end_date, transfer_reason, is_current_flag) OVERRIDING SYSTEM VALUE VALUES (6, 6, 2, '2021-04-05', NULL, NULL, TRUE);
INSERT INTO asset_base_history (asset_base_history_id, asset_id, base_id, start_date, end_date, transfer_reason, is_current_flag) OVERRIDING SYSTEM VALUE VALUES (7, 7, 3, '2018-07-01', NULL, NULL, TRUE);
INSERT INTO asset_base_history (asset_base_history_id, asset_id, base_id, start_date, end_date, transfer_reason, is_current_flag) OVERRIDING SYSTEM VALUE VALUES (8, 8, 3, '2019-11-20', NULL, NULL, TRUE);
INSERT INTO asset_base_history (asset_base_history_id, asset_id, base_id, start_date, end_date, transfer_reason, is_current_flag) OVERRIDING SYSTEM VALUE VALUES (9, 9, 3, '2017-05-15', NULL, NULL, TRUE);
INSERT INTO asset_base_history (asset_base_history_id, asset_id, base_id, start_date, end_date, transfer_reason, is_current_flag) OVERRIDING SYSTEM VALUE VALUES (10, 10, 4, '2022-01-10', NULL, NULL, TRUE);
INSERT INTO asset_base_history (asset_base_history_id, asset_id, base_id, start_date, end_date, transfer_reason, is_current_flag) OVERRIDING SYSTEM VALUE VALUES (11, 11, 4, '2016-08-01', NULL, NULL, TRUE);
INSERT INTO asset_base_history (asset_base_history_id, asset_id, base_id, start_date, end_date, transfer_reason, is_current_flag) OVERRIDING SYSTEM VALUE VALUES (12, 12, 4, '2022-10-01', NULL, NULL, TRUE);

-- usage_logs (500 righe)
INSERT INTO usage_logs (usage_log_id, asset_id, usage_date, flight_hours, missions_count, critical_missions_count, operational_days) OVERRIDING SYSTEM VALUE VALUES (1, 1, '2025-10-01', 6.16, 1, 1, 1);
INSERT INTO usage_logs (usage_log_id, asset_id, usage_date, flight_hours, missions_count, critical_missions_count, operational_days) OVERRIDING SYSTEM VALUE VALUES (2, 2, '2025-10-01', 3.59, 2, 0, 1);
INSERT INTO usage_logs (usage_log_id, asset_id, usage_date, flight_hours, missions_count, critical_missions_count, operational_days) OVERRIDING SYSTEM VALUE VALUES (3, 3, '2025-10-01', 0.0, 0, 0, 0);
INSERT INTO usage_logs (usage_log_id, asset_id, usage_date, flight_hours, missions_count, critical_missions_count, operational_days) OVERRIDING SYSTEM VALUE VALUES (4, 4, '2025-10-01', 6.4, 1, 1, 1);
INSERT INTO usage_logs (usage_log_id, asset_id, usage_date, flight_hours, missions_count, critical_missions_count, operational_days) OVERRIDING SYSTEM VALUE VALUES (5, 5, '2025-10-01', 2.21, 1, 0, 1);
INSERT INTO usage_logs (usage_log_id, asset_id, usage_date, flight_hours, missions_count, critical_missions_count, operational_days) OVERRIDING SYSTEM VALUE VALUES (6, 6, '2025-10-01', 0.0, 0, 0, 0);
INSERT INTO usage_logs (usage_log_id, asset_id, usage_date, flight_hours, missions_count, critical_missions_count, operational_days) OVERRIDING SYSTEM VALUE VALUES (7, 7, '2025-10-01', 3.51, 1, 0, 1);
INSERT INTO usage_logs (usage_log_id, asset_id, usage_date, flight_hours, missions_count, critical_missions_count, operational_days) OVERRIDING SYSTEM VALUE VALUES (8, 8, '2025-10-01', 6.65, 4, 0, 1);
INSERT INTO usage_logs (usage_log_id, asset_id, usage_date, flight_hours, missions_count, critical_missions_count, operational_days) OVERRIDING SYSTEM VALUE VALUES (9, 9, '2025-10-01', 0.0, 0, 0, 0);
INSERT INTO usage_logs (usage_log_id, asset_id, usage_date, flight_hours, missions_count, critical_missions_count, operational_days) OVERRIDING SYSTEM VALUE VALUES (10, 10, '2025-10-01', 4.92, 3, 0, 1);
INSERT INTO usage_logs (usage_log_id, asset_id, usage_date, flight_hours, missions_count, critical_missions_count, operational_days) OVERRIDING SYSTEM VALUE VALUES (11, 11, '2025-10-01', 6.93, 2, 1, 1);
INSERT INTO usage_logs (usage_log_id, asset_id, usage_date, flight_hours, missions_count, critical_missions_count, operational_days) OVERRIDING SYSTEM VALUE VALUES (12, 12, '2025-10-01', 4.21, 2, 0, 1);
INSERT INTO usage_logs (usage_log_id, asset_id, usage_date, flight_hours, missions_count, critical_missions_count, operational_days) OVERRIDING SYSTEM VALUE VALUES (13, 1, '2025-10-02', 8.22, 3, 0, 1);
INSERT INTO usage_logs (usage_log_id, asset_id, usage_date, flight_hours, missions_count, critical_missions_count, operational_days) OVERRIDING SYSTEM VALUE VALUES (14, 2, '2025-10-02', 2.6, 1, 1, 1);
INSERT INTO usage_logs (usage_log_id, asset_id, usage_date, flight_hours, missions_count, critical_missions_count, operational_days) OVERRIDING SYSTEM VALUE VALUES (15, 3, '2025-10-02', 0.0, 0, 0, 0);
INSERT INTO usage_logs (usage_log_id, asset_id, usage_date, flight_hours, missions_count, critical_missions_count, operational_days) OVERRIDING SYSTEM VALUE VALUES (16, 4, '2025-10-02', 7.51, 3, 0, 1);
INSERT INTO usage_logs (usage_log_id, asset_id, usage_date, flight_hours, missions_count, critical_missions_count, operational_days) OVERRIDING SYSTEM VALUE VALUES (17, 5, '2025-10-02', 6.74, 1, 1, 1);
INSERT INTO usage_logs (usage_log_id, asset_id, usage_date, flight_hours, missions_count, critical_missions_count, operational_days) OVERRIDING SYSTEM VALUE VALUES (18, 6, '2025-10-02', 0.0, 0, 0, 0);
INSERT INTO usage_logs (usage_log_id, asset_id, usage_date, flight_hours, missions_count, critical_missions_count, operational_days) OVERRIDING SYSTEM VALUE VALUES (19, 7, '2025-10-02', 2.51, 3, 1, 1);
INSERT INTO usage_logs (usage_log_id, asset_id, usage_date, flight_hours, missions_count, critical_missions_count, operational_days) OVERRIDING SYSTEM VALUE VALUES (20, 8, '2025-10-02', 5.75, 1, 0, 1);
INSERT INTO usage_logs (usage_log_id, asset_id, usage_date, flight_hours, missions_count, critical_missions_count, operational_days) OVERRIDING SYSTEM VALUE VALUES (21, 9, '2025-10-02', 0.0, 0, 0, 0);
INSERT INTO usage_logs (usage_log_id, asset_id, usage_date, flight_hours, missions_count, critical_missions_count, operational_days) OVERRIDING SYSTEM VALUE VALUES (22, 10, '2025-10-02', 6.3, 3, 0, 1);
INSERT INTO usage_logs (usage_log_id, asset_id, usage_date, flight_hours, missions_count, critical_missions_count, operational_days) OVERRIDING SYSTEM VALUE VALUES (23, 11, '2025-10-02', 7.56, 1, 1, 1);
INSERT INTO usage_logs (usage_log_id, asset_id, usage_date, flight_hours, missions_count, critical_missions_count, operational_days) OVERRIDING SYSTEM VALUE VALUES (24, 12, '2025-10-02', 3.81, 3, 0, 1);
INSERT INTO usage_logs (usage_log_id, asset_id, usage_date, flight_hours, missions_count, critical_missions_count, operational_days) OVERRIDING SYSTEM VALUE VALUES (25, 1, '2025-10-03', 4.41, 2, 1, 1);
INSERT INTO usage_logs (usage_log_id, asset_id, usage_date, flight_hours, missions_count, critical_missions_count, operational_days) OVERRIDING SYSTEM VALUE VALUES (26, 2, '2025-10-03', 6.56, 1, 0, 1);
INSERT INTO usage_logs (usage_log_id, asset_id, usage_date, flight_hours, missions_count, critical_missions_count, operational_days) OVERRIDING SYSTEM VALUE VALUES (27, 3, '2025-10-03', 0.0, 0, 0, 0);
INSERT INTO usage_logs (usage_log_id, asset_id, usage_date, flight_hours, missions_count, critical_missions_count, operational_days) OVERRIDING SYSTEM VALUE VALUES (28, 4, '2025-10-03', 5.47, 2, 0, 1);
INSERT INTO usage_logs (usage_log_id, asset_id, usage_date, flight_hours, missions_count, critical_missions_count, operational_days) OVERRIDING SYSTEM VALUE VALUES (29, 5, '2025-10-03', 5.0, 3, 0, 1);
INSERT INTO usage_logs (usage_log_id, asset_id, usage_date, flight_hours, missions_count, critical_missions_count, operational_days) OVERRIDING SYSTEM VALUE VALUES (30, 6, '2025-10-03', 0.0, 0, 0, 0);
INSERT INTO usage_logs (usage_log_id, asset_id, usage_date, flight_hours, missions_count, critical_missions_count, operational_days) OVERRIDING SYSTEM VALUE VALUES (31, 7, '2025-10-03', 6.45, 1, 0, 1);
INSERT INTO usage_logs (usage_log_id, asset_id, usage_date, flight_hours, missions_count, critical_missions_count, operational_days) OVERRIDING SYSTEM VALUE VALUES (32, 8, '2025-10-03', 7.34, 3, 1, 1);
INSERT INTO usage_logs (usage_log_id, asset_id, usage_date, flight_hours, missions_count, critical_missions_count, operational_days) OVERRIDING SYSTEM VALUE VALUES (33, 9, '2025-10-03', 0.0, 0, 0, 0);
INSERT INTO usage_logs (usage_log_id, asset_id, usage_date, flight_hours, missions_count, critical_missions_count, operational_days) OVERRIDING SYSTEM VALUE VALUES (34, 10, '2025-10-03', 3.74, 2, 1, 1);
INSERT INTO usage_logs (usage_log_id, asset_id, usage_date, flight_hours, missions_count, critical_missions_count, operational_days) OVERRIDING SYSTEM VALUE VALUES (35, 11, '2025-10-03', 3.38, 4, 1, 1);
INSERT INTO usage_logs (usage_log_id, asset_id, usage_date, flight_hours, missions_count, critical_missions_count, operational_days) OVERRIDING SYSTEM VALUE VALUES (36, 12, '2025-10-03', 7.75, 4, 0, 1);
INSERT INTO usage_logs (usage_log_id, asset_id, usage_date, flight_hours, missions_count, critical_missions_count, operational_days) OVERRIDING SYSTEM VALUE VALUES (37, 1, '2025-10-04', 3.72, 2, 1, 1);
INSERT INTO usage_logs (usage_log_id, asset_id, usage_date, flight_hours, missions_count, critical_missions_count, operational_days) OVERRIDING SYSTEM VALUE VALUES (38, 2, '2025-10-04', 6.86, 4, 1, 1);
INSERT INTO usage_logs (usage_log_id, asset_id, usage_date, flight_hours, missions_count, critical_missions_count, operational_days) OVERRIDING SYSTEM VALUE VALUES (39, 3, '2025-10-04', 0.0, 0, 0, 0);
INSERT INTO usage_logs (usage_log_id, asset_id, usage_date, flight_hours, missions_count, critical_missions_count, operational_days) OVERRIDING SYSTEM VALUE VALUES (40, 4, '2025-10-04', 4.35, 2, 1, 1);
INSERT INTO usage_logs (usage_log_id, asset_id, usage_date, flight_hours, missions_count, critical_missions_count, operational_days) OVERRIDING SYSTEM VALUE VALUES (41, 5, '2025-10-04', 2.59, 1, 0, 1);
INSERT INTO usage_logs (usage_log_id, asset_id, usage_date, flight_hours, missions_count, critical_missions_count, operational_days) OVERRIDING SYSTEM VALUE VALUES (42, 6, '2025-10-04', 0.0, 0, 0, 0);
INSERT INTO usage_logs (usage_log_id, asset_id, usage_date, flight_hours, missions_count, critical_missions_count, operational_days) OVERRIDING SYSTEM VALUE VALUES (43, 7, '2025-10-04', 2.99, 2, 1, 1);
INSERT INTO usage_logs (usage_log_id, asset_id, usage_date, flight_hours, missions_count, critical_missions_count, operational_days) OVERRIDING SYSTEM VALUE VALUES (44, 8, '2025-10-04', 5.88, 4, 1, 1);
INSERT INTO usage_logs (usage_log_id, asset_id, usage_date, flight_hours, missions_count, critical_missions_count, operational_days) OVERRIDING SYSTEM VALUE VALUES (45, 9, '2025-10-04', 0.0, 0, 0, 0);
INSERT INTO usage_logs (usage_log_id, asset_id, usage_date, flight_hours, missions_count, critical_missions_count, operational_days) OVERRIDING SYSTEM VALUE VALUES (46, 10, '2025-10-04', 5.87, 4, 1, 1);
INSERT INTO usage_logs (usage_log_id, asset_id, usage_date, flight_hours, missions_count, critical_missions_count, operational_days) OVERRIDING SYSTEM VALUE VALUES (47, 11, '2025-10-04', 8.31, 1, 0, 1);
INSERT INTO usage_logs (usage_log_id, asset_id, usage_date, flight_hours, missions_count, critical_missions_count, operational_days) OVERRIDING SYSTEM VALUE VALUES (48, 12, '2025-10-04', 6.43, 3, 1, 1);
INSERT INTO usage_logs (usage_log_id, asset_id, usage_date, flight_hours, missions_count, critical_missions_count, operational_days) OVERRIDING SYSTEM VALUE VALUES (49, 1, '2025-10-05', 2.73, 4, 0, 1);
INSERT INTO usage_logs (usage_log_id, asset_id, usage_date, flight_hours, missions_count, critical_missions_count, operational_days) OVERRIDING SYSTEM VALUE VALUES (50, 2, '2025-10-05', 4.95, 3, 0, 1);
INSERT INTO usage_logs (usage_log_id, asset_id, usage_date, flight_hours, missions_count, critical_missions_count, operational_days) OVERRIDING SYSTEM VALUE VALUES (51, 3, '2025-10-05', 0.0, 0, 0, 0);
INSERT INTO usage_logs (usage_log_id, asset_id, usage_date, flight_hours, missions_count, critical_missions_count, operational_days) OVERRIDING SYSTEM VALUE VALUES (52, 4, '2025-10-05', 5.3, 1, 1, 1);
INSERT INTO usage_logs (usage_log_id, asset_id, usage_date, flight_hours, missions_count, critical_missions_count, operational_days) OVERRIDING SYSTEM VALUE VALUES (53, 5, '2025-10-05', 7.47, 2, 0, 1);
INSERT INTO usage_logs (usage_log_id, asset_id, usage_date, flight_hours, missions_count, critical_missions_count, operational_days) OVERRIDING SYSTEM VALUE VALUES (54, 6, '2025-10-05', 0.0, 0, 0, 0);
INSERT INTO usage_logs (usage_log_id, asset_id, usage_date, flight_hours, missions_count, critical_missions_count, operational_days) OVERRIDING SYSTEM VALUE VALUES (55, 7, '2025-10-05', 4.43, 2, 0, 1);
INSERT INTO usage_logs (usage_log_id, asset_id, usage_date, flight_hours, missions_count, critical_missions_count, operational_days) OVERRIDING SYSTEM VALUE VALUES (56, 8, '2025-10-05', 5.89, 4, 0, 1);
INSERT INTO usage_logs (usage_log_id, asset_id, usage_date, flight_hours, missions_count, critical_missions_count, operational_days) OVERRIDING SYSTEM VALUE VALUES (57, 9, '2025-10-05', 0.0, 0, 0, 0);
INSERT INTO usage_logs (usage_log_id, asset_id, usage_date, flight_hours, missions_count, critical_missions_count, operational_days) OVERRIDING SYSTEM VALUE VALUES (58, 10, '2025-10-05', 2.73, 3, 1, 1);
INSERT INTO usage_logs (usage_log_id, asset_id, usage_date, flight_hours, missions_count, critical_missions_count, operational_days) OVERRIDING SYSTEM VALUE VALUES (59, 11, '2025-10-05', 3.56, 2, 0, 1);
INSERT INTO usage_logs (usage_log_id, asset_id, usage_date, flight_hours, missions_count, critical_missions_count, operational_days) OVERRIDING SYSTEM VALUE VALUES (60, 12, '2025-10-05', 2.56, 4, 0, 1);
INSERT INTO usage_logs (usage_log_id, asset_id, usage_date, flight_hours, missions_count, critical_missions_count, operational_days) OVERRIDING SYSTEM VALUE VALUES (61, 1, '2025-10-06', 8.36, 2, 0, 1);
INSERT INTO usage_logs (usage_log_id, asset_id, usage_date, flight_hours, missions_count, critical_missions_count, operational_days) OVERRIDING SYSTEM VALUE VALUES (62, 2, '2025-10-06', 6.29, 2, 1, 1);
INSERT INTO usage_logs (usage_log_id, asset_id, usage_date, flight_hours, missions_count, critical_missions_count, operational_days) OVERRIDING SYSTEM VALUE VALUES (63, 3, '2025-10-06', 0.0, 0, 0, 0);
INSERT INTO usage_logs (usage_log_id, asset_id, usage_date, flight_hours, missions_count, critical_missions_count, operational_days) OVERRIDING SYSTEM VALUE VALUES (64, 4, '2025-10-06', 5.43, 4, 0, 1);
INSERT INTO usage_logs (usage_log_id, asset_id, usage_date, flight_hours, missions_count, critical_missions_count, operational_days) OVERRIDING SYSTEM VALUE VALUES (65, 5, '2025-10-06', 8.04, 2, 1, 1);
INSERT INTO usage_logs (usage_log_id, asset_id, usage_date, flight_hours, missions_count, critical_missions_count, operational_days) OVERRIDING SYSTEM VALUE VALUES (66, 6, '2025-10-06', 0.0, 0, 0, 0);
INSERT INTO usage_logs (usage_log_id, asset_id, usage_date, flight_hours, missions_count, critical_missions_count, operational_days) OVERRIDING SYSTEM VALUE VALUES (67, 7, '2025-10-06', 4.59, 3, 1, 1);
INSERT INTO usage_logs (usage_log_id, asset_id, usage_date, flight_hours, missions_count, critical_missions_count, operational_days) OVERRIDING SYSTEM VALUE VALUES (68, 8, '2025-10-06', 7.85, 4, 0, 1);
INSERT INTO usage_logs (usage_log_id, asset_id, usage_date, flight_hours, missions_count, critical_missions_count, operational_days) OVERRIDING SYSTEM VALUE VALUES (69, 9, '2025-10-06', 0.0, 0, 0, 0);
INSERT INTO usage_logs (usage_log_id, asset_id, usage_date, flight_hours, missions_count, critical_missions_count, operational_days) OVERRIDING SYSTEM VALUE VALUES (70, 10, '2025-10-06', 3.61, 1, 1, 1);
INSERT INTO usage_logs (usage_log_id, asset_id, usage_date, flight_hours, missions_count, critical_missions_count, operational_days) OVERRIDING SYSTEM VALUE VALUES (71, 11, '2025-10-06', 2.14, 2, 0, 1);
INSERT INTO usage_logs (usage_log_id, asset_id, usage_date, flight_hours, missions_count, critical_missions_count, operational_days) OVERRIDING SYSTEM VALUE VALUES (72, 12, '2025-10-06', 2.05, 1, 0, 1);
INSERT INTO usage_logs (usage_log_id, asset_id, usage_date, flight_hours, missions_count, critical_missions_count, operational_days) OVERRIDING SYSTEM VALUE VALUES (73, 1, '2025-10-07', 2.44, 1, 1, 1);
INSERT INTO usage_logs (usage_log_id, asset_id, usage_date, flight_hours, missions_count, critical_missions_count, operational_days) OVERRIDING SYSTEM VALUE VALUES (74, 2, '2025-10-07', 2.46, 2, 1, 1);
INSERT INTO usage_logs (usage_log_id, asset_id, usage_date, flight_hours, missions_count, critical_missions_count, operational_days) OVERRIDING SYSTEM VALUE VALUES (75, 3, '2025-10-07', 0.0, 0, 0, 0);
INSERT INTO usage_logs (usage_log_id, asset_id, usage_date, flight_hours, missions_count, critical_missions_count, operational_days) OVERRIDING SYSTEM VALUE VALUES (76, 4, '2025-10-07', 6.35, 2, 0, 1);
INSERT INTO usage_logs (usage_log_id, asset_id, usage_date, flight_hours, missions_count, critical_missions_count, operational_days) OVERRIDING SYSTEM VALUE VALUES (77, 5, '2025-10-07', 6.7, 4, 0, 1);
INSERT INTO usage_logs (usage_log_id, asset_id, usage_date, flight_hours, missions_count, critical_missions_count, operational_days) OVERRIDING SYSTEM VALUE VALUES (78, 6, '2025-10-07', 0.0, 0, 0, 0);
INSERT INTO usage_logs (usage_log_id, asset_id, usage_date, flight_hours, missions_count, critical_missions_count, operational_days) OVERRIDING SYSTEM VALUE VALUES (79, 7, '2025-10-07', 7.1, 4, 0, 1);
INSERT INTO usage_logs (usage_log_id, asset_id, usage_date, flight_hours, missions_count, critical_missions_count, operational_days) OVERRIDING SYSTEM VALUE VALUES (80, 8, '2025-10-07', 2.61, 4, 1, 1);
INSERT INTO usage_logs (usage_log_id, asset_id, usage_date, flight_hours, missions_count, critical_missions_count, operational_days) OVERRIDING SYSTEM VALUE VALUES (81, 9, '2025-10-07', 0.0, 0, 0, 0);
INSERT INTO usage_logs (usage_log_id, asset_id, usage_date, flight_hours, missions_count, critical_missions_count, operational_days) OVERRIDING SYSTEM VALUE VALUES (82, 10, '2025-10-07', 4.75, 4, 0, 1);
INSERT INTO usage_logs (usage_log_id, asset_id, usage_date, flight_hours, missions_count, critical_missions_count, operational_days) OVERRIDING SYSTEM VALUE VALUES (83, 11, '2025-10-07', 6.38, 1, 0, 1);
INSERT INTO usage_logs (usage_log_id, asset_id, usage_date, flight_hours, missions_count, critical_missions_count, operational_days) OVERRIDING SYSTEM VALUE VALUES (84, 12, '2025-10-07', 4.62, 3, 0, 1);
INSERT INTO usage_logs (usage_log_id, asset_id, usage_date, flight_hours, missions_count, critical_missions_count, operational_days) OVERRIDING SYSTEM VALUE VALUES (85, 1, '2025-10-08', 3.62, 2, 1, 1);
INSERT INTO usage_logs (usage_log_id, asset_id, usage_date, flight_hours, missions_count, critical_missions_count, operational_days) OVERRIDING SYSTEM VALUE VALUES (86, 2, '2025-10-08', 2.91, 2, 1, 1);
INSERT INTO usage_logs (usage_log_id, asset_id, usage_date, flight_hours, missions_count, critical_missions_count, operational_days) OVERRIDING SYSTEM VALUE VALUES (87, 3, '2025-10-08', 0.0, 0, 0, 0);
INSERT INTO usage_logs (usage_log_id, asset_id, usage_date, flight_hours, missions_count, critical_missions_count, operational_days) OVERRIDING SYSTEM VALUE VALUES (88, 4, '2025-10-08', 5.01, 1, 1, 1);
INSERT INTO usage_logs (usage_log_id, asset_id, usage_date, flight_hours, missions_count, critical_missions_count, operational_days) OVERRIDING SYSTEM VALUE VALUES (89, 5, '2025-10-08', 7.25, 1, 0, 1);
INSERT INTO usage_logs (usage_log_id, asset_id, usage_date, flight_hours, missions_count, critical_missions_count, operational_days) OVERRIDING SYSTEM VALUE VALUES (90, 6, '2025-10-08', 0.0, 0, 0, 0);
INSERT INTO usage_logs (usage_log_id, asset_id, usage_date, flight_hours, missions_count, critical_missions_count, operational_days) OVERRIDING SYSTEM VALUE VALUES (91, 7, '2025-10-08', 6.24, 1, 0, 1);
INSERT INTO usage_logs (usage_log_id, asset_id, usage_date, flight_hours, missions_count, critical_missions_count, operational_days) OVERRIDING SYSTEM VALUE VALUES (92, 8, '2025-10-08', 8.02, 2, 0, 1);
INSERT INTO usage_logs (usage_log_id, asset_id, usage_date, flight_hours, missions_count, critical_missions_count, operational_days) OVERRIDING SYSTEM VALUE VALUES (93, 9, '2025-10-08', 0.0, 0, 0, 0);
INSERT INTO usage_logs (usage_log_id, asset_id, usage_date, flight_hours, missions_count, critical_missions_count, operational_days) OVERRIDING SYSTEM VALUE VALUES (94, 10, '2025-10-08', 4.64, 4, 0, 1);
INSERT INTO usage_logs (usage_log_id, asset_id, usage_date, flight_hours, missions_count, critical_missions_count, operational_days) OVERRIDING SYSTEM VALUE VALUES (95, 11, '2025-10-08', 7.62, 1, 0, 1);
INSERT INTO usage_logs (usage_log_id, asset_id, usage_date, flight_hours, missions_count, critical_missions_count, operational_days) OVERRIDING SYSTEM VALUE VALUES (96, 12, '2025-10-08', 4.46, 4, 1, 1);
INSERT INTO usage_logs (usage_log_id, asset_id, usage_date, flight_hours, missions_count, critical_missions_count, operational_days) OVERRIDING SYSTEM VALUE VALUES (97, 1, '2025-10-09', 8.02, 4, 1, 1);
INSERT INTO usage_logs (usage_log_id, asset_id, usage_date, flight_hours, missions_count, critical_missions_count, operational_days) OVERRIDING SYSTEM VALUE VALUES (98, 2, '2025-10-09', 4.75, 4, 0, 1);
INSERT INTO usage_logs (usage_log_id, asset_id, usage_date, flight_hours, missions_count, critical_missions_count, operational_days) OVERRIDING SYSTEM VALUE VALUES (99, 3, '2025-10-09', 0.0, 0, 0, 0);
INSERT INTO usage_logs (usage_log_id, asset_id, usage_date, flight_hours, missions_count, critical_missions_count, operational_days) OVERRIDING SYSTEM VALUE VALUES (100, 4, '2025-10-09', 3.23, 2, 0, 1);
INSERT INTO usage_logs (usage_log_id, asset_id, usage_date, flight_hours, missions_count, critical_missions_count, operational_days) OVERRIDING SYSTEM VALUE VALUES (101, 5, '2025-10-09', 5.76, 1, 1, 1);
INSERT INTO usage_logs (usage_log_id, asset_id, usage_date, flight_hours, missions_count, critical_missions_count, operational_days) OVERRIDING SYSTEM VALUE VALUES (102, 6, '2025-10-09', 0.0, 0, 0, 0);
INSERT INTO usage_logs (usage_log_id, asset_id, usage_date, flight_hours, missions_count, critical_missions_count, operational_days) OVERRIDING SYSTEM VALUE VALUES (103, 7, '2025-10-09', 2.37, 4, 0, 1);
INSERT INTO usage_logs (usage_log_id, asset_id, usage_date, flight_hours, missions_count, critical_missions_count, operational_days) OVERRIDING SYSTEM VALUE VALUES (104, 8, '2025-10-09', 2.37, 1, 0, 1);
INSERT INTO usage_logs (usage_log_id, asset_id, usage_date, flight_hours, missions_count, critical_missions_count, operational_days) OVERRIDING SYSTEM VALUE VALUES (105, 9, '2025-10-09', 0.0, 0, 0, 0);
INSERT INTO usage_logs (usage_log_id, asset_id, usage_date, flight_hours, missions_count, critical_missions_count, operational_days) OVERRIDING SYSTEM VALUE VALUES (106, 10, '2025-10-09', 2.45, 1, 0, 1);
INSERT INTO usage_logs (usage_log_id, asset_id, usage_date, flight_hours, missions_count, critical_missions_count, operational_days) OVERRIDING SYSTEM VALUE VALUES (107, 11, '2025-10-09', 4.62, 2, 0, 1);
INSERT INTO usage_logs (usage_log_id, asset_id, usage_date, flight_hours, missions_count, critical_missions_count, operational_days) OVERRIDING SYSTEM VALUE VALUES (108, 12, '2025-10-09', 6.03, 4, 1, 1);
INSERT INTO usage_logs (usage_log_id, asset_id, usage_date, flight_hours, missions_count, critical_missions_count, operational_days) OVERRIDING SYSTEM VALUE VALUES (109, 1, '2025-10-10', 8.08, 2, 1, 1);
INSERT INTO usage_logs (usage_log_id, asset_id, usage_date, flight_hours, missions_count, critical_missions_count, operational_days) OVERRIDING SYSTEM VALUE VALUES (110, 2, '2025-10-10', 3.55, 4, 0, 1);
INSERT INTO usage_logs (usage_log_id, asset_id, usage_date, flight_hours, missions_count, critical_missions_count, operational_days) OVERRIDING SYSTEM VALUE VALUES (111, 3, '2025-10-10', 0.0, 0, 0, 0);
INSERT INTO usage_logs (usage_log_id, asset_id, usage_date, flight_hours, missions_count, critical_missions_count, operational_days) OVERRIDING SYSTEM VALUE VALUES (112, 4, '2025-10-10', 6.37, 3, 1, 1);
INSERT INTO usage_logs (usage_log_id, asset_id, usage_date, flight_hours, missions_count, critical_missions_count, operational_days) OVERRIDING SYSTEM VALUE VALUES (113, 5, '2025-10-10', 4.06, 1, 0, 1);
INSERT INTO usage_logs (usage_log_id, asset_id, usage_date, flight_hours, missions_count, critical_missions_count, operational_days) OVERRIDING SYSTEM VALUE VALUES (114, 6, '2025-10-10', 0.0, 0, 0, 0);
INSERT INTO usage_logs (usage_log_id, asset_id, usage_date, flight_hours, missions_count, critical_missions_count, operational_days) OVERRIDING SYSTEM VALUE VALUES (115, 7, '2025-10-10', 4.98, 1, 0, 1);
INSERT INTO usage_logs (usage_log_id, asset_id, usage_date, flight_hours, missions_count, critical_missions_count, operational_days) OVERRIDING SYSTEM VALUE VALUES (116, 8, '2025-10-10', 5.49, 3, 0, 1);
INSERT INTO usage_logs (usage_log_id, asset_id, usage_date, flight_hours, missions_count, critical_missions_count, operational_days) OVERRIDING SYSTEM VALUE VALUES (117, 9, '2025-10-10', 0.0, 0, 0, 0);
INSERT INTO usage_logs (usage_log_id, asset_id, usage_date, flight_hours, missions_count, critical_missions_count, operational_days) OVERRIDING SYSTEM VALUE VALUES (118, 10, '2025-10-10', 8.07, 1, 0, 1);
INSERT INTO usage_logs (usage_log_id, asset_id, usage_date, flight_hours, missions_count, critical_missions_count, operational_days) OVERRIDING SYSTEM VALUE VALUES (119, 11, '2025-10-10', 4.4, 2, 1, 1);
INSERT INTO usage_logs (usage_log_id, asset_id, usage_date, flight_hours, missions_count, critical_missions_count, operational_days) OVERRIDING SYSTEM VALUE VALUES (120, 12, '2025-10-10', 7.42, 3, 0, 1);
INSERT INTO usage_logs (usage_log_id, asset_id, usage_date, flight_hours, missions_count, critical_missions_count, operational_days) OVERRIDING SYSTEM VALUE VALUES (121, 1, '2025-10-11', 6.34, 3, 0, 1);
INSERT INTO usage_logs (usage_log_id, asset_id, usage_date, flight_hours, missions_count, critical_missions_count, operational_days) OVERRIDING SYSTEM VALUE VALUES (122, 2, '2025-10-11', 8.1, 2, 1, 1);
INSERT INTO usage_logs (usage_log_id, asset_id, usage_date, flight_hours, missions_count, critical_missions_count, operational_days) OVERRIDING SYSTEM VALUE VALUES (123, 3, '2025-10-11', 0.0, 0, 0, 0);
INSERT INTO usage_logs (usage_log_id, asset_id, usage_date, flight_hours, missions_count, critical_missions_count, operational_days) OVERRIDING SYSTEM VALUE VALUES (124, 4, '2025-10-11', 2.75, 1, 0, 1);
INSERT INTO usage_logs (usage_log_id, asset_id, usage_date, flight_hours, missions_count, critical_missions_count, operational_days) OVERRIDING SYSTEM VALUE VALUES (125, 5, '2025-10-11', 3.77, 2, 1, 1);
INSERT INTO usage_logs (usage_log_id, asset_id, usage_date, flight_hours, missions_count, critical_missions_count, operational_days) OVERRIDING SYSTEM VALUE VALUES (126, 6, '2025-10-11', 0.0, 0, 0, 0);
INSERT INTO usage_logs (usage_log_id, asset_id, usage_date, flight_hours, missions_count, critical_missions_count, operational_days) OVERRIDING SYSTEM VALUE VALUES (127, 7, '2025-10-11', 3.32, 3, 1, 1);
INSERT INTO usage_logs (usage_log_id, asset_id, usage_date, flight_hours, missions_count, critical_missions_count, operational_days) OVERRIDING SYSTEM VALUE VALUES (128, 8, '2025-10-11', 3.63, 1, 0, 1);
INSERT INTO usage_logs (usage_log_id, asset_id, usage_date, flight_hours, missions_count, critical_missions_count, operational_days) OVERRIDING SYSTEM VALUE VALUES (129, 9, '2025-10-11', 0.0, 0, 0, 0);
INSERT INTO usage_logs (usage_log_id, asset_id, usage_date, flight_hours, missions_count, critical_missions_count, operational_days) OVERRIDING SYSTEM VALUE VALUES (130, 10, '2025-10-11', 6.12, 3, 0, 1);
INSERT INTO usage_logs (usage_log_id, asset_id, usage_date, flight_hours, missions_count, critical_missions_count, operational_days) OVERRIDING SYSTEM VALUE VALUES (131, 11, '2025-10-11', 2.02, 2, 1, 1);
INSERT INTO usage_logs (usage_log_id, asset_id, usage_date, flight_hours, missions_count, critical_missions_count, operational_days) OVERRIDING SYSTEM VALUE VALUES (132, 12, '2025-10-11', 3.05, 4, 1, 1);
INSERT INTO usage_logs (usage_log_id, asset_id, usage_date, flight_hours, missions_count, critical_missions_count, operational_days) OVERRIDING SYSTEM VALUE VALUES (133, 1, '2025-10-12', 5.65, 1, 0, 1);
INSERT INTO usage_logs (usage_log_id, asset_id, usage_date, flight_hours, missions_count, critical_missions_count, operational_days) OVERRIDING SYSTEM VALUE VALUES (134, 2, '2025-10-12', 8.14, 2, 0, 1);
INSERT INTO usage_logs (usage_log_id, asset_id, usage_date, flight_hours, missions_count, critical_missions_count, operational_days) OVERRIDING SYSTEM VALUE VALUES (135, 3, '2025-10-12', 0.0, 0, 0, 0);
INSERT INTO usage_logs (usage_log_id, asset_id, usage_date, flight_hours, missions_count, critical_missions_count, operational_days) OVERRIDING SYSTEM VALUE VALUES (136, 4, '2025-10-12', 7.42, 2, 1, 1);
INSERT INTO usage_logs (usage_log_id, asset_id, usage_date, flight_hours, missions_count, critical_missions_count, operational_days) OVERRIDING SYSTEM VALUE VALUES (137, 5, '2025-10-12', 2.83, 3, 1, 1);
INSERT INTO usage_logs (usage_log_id, asset_id, usage_date, flight_hours, missions_count, critical_missions_count, operational_days) OVERRIDING SYSTEM VALUE VALUES (138, 6, '2025-10-12', 0.0, 0, 0, 0);
INSERT INTO usage_logs (usage_log_id, asset_id, usage_date, flight_hours, missions_count, critical_missions_count, operational_days) OVERRIDING SYSTEM VALUE VALUES (139, 7, '2025-10-12', 7.84, 1, 1, 1);
INSERT INTO usage_logs (usage_log_id, asset_id, usage_date, flight_hours, missions_count, critical_missions_count, operational_days) OVERRIDING SYSTEM VALUE VALUES (140, 8, '2025-10-12', 3.37, 2, 0, 1);
INSERT INTO usage_logs (usage_log_id, asset_id, usage_date, flight_hours, missions_count, critical_missions_count, operational_days) OVERRIDING SYSTEM VALUE VALUES (141, 9, '2025-10-12', 0.0, 0, 0, 0);
INSERT INTO usage_logs (usage_log_id, asset_id, usage_date, flight_hours, missions_count, critical_missions_count, operational_days) OVERRIDING SYSTEM VALUE VALUES (142, 10, '2025-10-12', 4.3, 4, 0, 1);
INSERT INTO usage_logs (usage_log_id, asset_id, usage_date, flight_hours, missions_count, critical_missions_count, operational_days) OVERRIDING SYSTEM VALUE VALUES (143, 11, '2025-10-12', 8.02, 2, 0, 1);
INSERT INTO usage_logs (usage_log_id, asset_id, usage_date, flight_hours, missions_count, critical_missions_count, operational_days) OVERRIDING SYSTEM VALUE VALUES (144, 12, '2025-10-12', 8.35, 2, 1, 1);
INSERT INTO usage_logs (usage_log_id, asset_id, usage_date, flight_hours, missions_count, critical_missions_count, operational_days) OVERRIDING SYSTEM VALUE VALUES (145, 1, '2025-10-13', 2.16, 3, 1, 1);
INSERT INTO usage_logs (usage_log_id, asset_id, usage_date, flight_hours, missions_count, critical_missions_count, operational_days) OVERRIDING SYSTEM VALUE VALUES (146, 2, '2025-10-13', 7.21, 2, 1, 1);
INSERT INTO usage_logs (usage_log_id, asset_id, usage_date, flight_hours, missions_count, critical_missions_count, operational_days) OVERRIDING SYSTEM VALUE VALUES (147, 3, '2025-10-13', 0.0, 0, 0, 0);
INSERT INTO usage_logs (usage_log_id, asset_id, usage_date, flight_hours, missions_count, critical_missions_count, operational_days) OVERRIDING SYSTEM VALUE VALUES (148, 4, '2025-10-13', 3.03, 1, 1, 1);
INSERT INTO usage_logs (usage_log_id, asset_id, usage_date, flight_hours, missions_count, critical_missions_count, operational_days) OVERRIDING SYSTEM VALUE VALUES (149, 5, '2025-10-13', 7.67, 4, 0, 1);
INSERT INTO usage_logs (usage_log_id, asset_id, usage_date, flight_hours, missions_count, critical_missions_count, operational_days) OVERRIDING SYSTEM VALUE VALUES (150, 6, '2025-10-13', 0.0, 0, 0, 0);
INSERT INTO usage_logs (usage_log_id, asset_id, usage_date, flight_hours, missions_count, critical_missions_count, operational_days) OVERRIDING SYSTEM VALUE VALUES (151, 7, '2025-10-13', 3.3, 4, 1, 1);
INSERT INTO usage_logs (usage_log_id, asset_id, usage_date, flight_hours, missions_count, critical_missions_count, operational_days) OVERRIDING SYSTEM VALUE VALUES (152, 8, '2025-10-13', 3.98, 2, 0, 1);
INSERT INTO usage_logs (usage_log_id, asset_id, usage_date, flight_hours, missions_count, critical_missions_count, operational_days) OVERRIDING SYSTEM VALUE VALUES (153, 9, '2025-10-13', 0.0, 0, 0, 0);
INSERT INTO usage_logs (usage_log_id, asset_id, usage_date, flight_hours, missions_count, critical_missions_count, operational_days) OVERRIDING SYSTEM VALUE VALUES (154, 10, '2025-10-13', 2.15, 2, 1, 1);
INSERT INTO usage_logs (usage_log_id, asset_id, usage_date, flight_hours, missions_count, critical_missions_count, operational_days) OVERRIDING SYSTEM VALUE VALUES (155, 11, '2025-10-13', 4.13, 1, 1, 1);
INSERT INTO usage_logs (usage_log_id, asset_id, usage_date, flight_hours, missions_count, critical_missions_count, operational_days) OVERRIDING SYSTEM VALUE VALUES (156, 12, '2025-10-13', 4.28, 4, 1, 1);
INSERT INTO usage_logs (usage_log_id, asset_id, usage_date, flight_hours, missions_count, critical_missions_count, operational_days) OVERRIDING SYSTEM VALUE VALUES (157, 1, '2025-10-14', 8.11, 1, 1, 1);
INSERT INTO usage_logs (usage_log_id, asset_id, usage_date, flight_hours, missions_count, critical_missions_count, operational_days) OVERRIDING SYSTEM VALUE VALUES (158, 2, '2025-10-14', 3.16, 3, 0, 1);
INSERT INTO usage_logs (usage_log_id, asset_id, usage_date, flight_hours, missions_count, critical_missions_count, operational_days) OVERRIDING SYSTEM VALUE VALUES (159, 3, '2025-10-14', 0.0, 0, 0, 0);
INSERT INTO usage_logs (usage_log_id, asset_id, usage_date, flight_hours, missions_count, critical_missions_count, operational_days) OVERRIDING SYSTEM VALUE VALUES (160, 4, '2025-10-14', 2.7, 4, 1, 1);
INSERT INTO usage_logs (usage_log_id, asset_id, usage_date, flight_hours, missions_count, critical_missions_count, operational_days) OVERRIDING SYSTEM VALUE VALUES (161, 5, '2025-10-14', 6.74, 3, 1, 1);
INSERT INTO usage_logs (usage_log_id, asset_id, usage_date, flight_hours, missions_count, critical_missions_count, operational_days) OVERRIDING SYSTEM VALUE VALUES (162, 6, '2025-10-14', 0.0, 0, 0, 0);
INSERT INTO usage_logs (usage_log_id, asset_id, usage_date, flight_hours, missions_count, critical_missions_count, operational_days) OVERRIDING SYSTEM VALUE VALUES (163, 7, '2025-10-14', 5.94, 1, 1, 1);
INSERT INTO usage_logs (usage_log_id, asset_id, usage_date, flight_hours, missions_count, critical_missions_count, operational_days) OVERRIDING SYSTEM VALUE VALUES (164, 8, '2025-10-14', 7.85, 2, 1, 1);
INSERT INTO usage_logs (usage_log_id, asset_id, usage_date, flight_hours, missions_count, critical_missions_count, operational_days) OVERRIDING SYSTEM VALUE VALUES (165, 9, '2025-10-14', 0.0, 0, 0, 0);
INSERT INTO usage_logs (usage_log_id, asset_id, usage_date, flight_hours, missions_count, critical_missions_count, operational_days) OVERRIDING SYSTEM VALUE VALUES (166, 10, '2025-10-14', 2.29, 4, 0, 1);
INSERT INTO usage_logs (usage_log_id, asset_id, usage_date, flight_hours, missions_count, critical_missions_count, operational_days) OVERRIDING SYSTEM VALUE VALUES (167, 11, '2025-10-14', 5.38, 2, 1, 1);
INSERT INTO usage_logs (usage_log_id, asset_id, usage_date, flight_hours, missions_count, critical_missions_count, operational_days) OVERRIDING SYSTEM VALUE VALUES (168, 12, '2025-10-14', 4.8, 3, 1, 1);
INSERT INTO usage_logs (usage_log_id, asset_id, usage_date, flight_hours, missions_count, critical_missions_count, operational_days) OVERRIDING SYSTEM VALUE VALUES (169, 1, '2025-10-15', 6.31, 1, 1, 1);
INSERT INTO usage_logs (usage_log_id, asset_id, usage_date, flight_hours, missions_count, critical_missions_count, operational_days) OVERRIDING SYSTEM VALUE VALUES (170, 2, '2025-10-15', 5.3, 4, 1, 1);
INSERT INTO usage_logs (usage_log_id, asset_id, usage_date, flight_hours, missions_count, critical_missions_count, operational_days) OVERRIDING SYSTEM VALUE VALUES (171, 3, '2025-10-15', 0.0, 0, 0, 0);
INSERT INTO usage_logs (usage_log_id, asset_id, usage_date, flight_hours, missions_count, critical_missions_count, operational_days) OVERRIDING SYSTEM VALUE VALUES (172, 4, '2025-10-15', 4.62, 3, 0, 1);
INSERT INTO usage_logs (usage_log_id, asset_id, usage_date, flight_hours, missions_count, critical_missions_count, operational_days) OVERRIDING SYSTEM VALUE VALUES (173, 5, '2025-10-15', 3.25, 4, 0, 1);
INSERT INTO usage_logs (usage_log_id, asset_id, usage_date, flight_hours, missions_count, critical_missions_count, operational_days) OVERRIDING SYSTEM VALUE VALUES (174, 6, '2025-10-15', 0.0, 0, 0, 0);
INSERT INTO usage_logs (usage_log_id, asset_id, usage_date, flight_hours, missions_count, critical_missions_count, operational_days) OVERRIDING SYSTEM VALUE VALUES (175, 7, '2025-10-15', 6.0, 3, 1, 1);
INSERT INTO usage_logs (usage_log_id, asset_id, usage_date, flight_hours, missions_count, critical_missions_count, operational_days) OVERRIDING SYSTEM VALUE VALUES (176, 8, '2025-10-15', 5.56, 1, 1, 1);
INSERT INTO usage_logs (usage_log_id, asset_id, usage_date, flight_hours, missions_count, critical_missions_count, operational_days) OVERRIDING SYSTEM VALUE VALUES (177, 9, '2025-10-15', 0.0, 0, 0, 0);
INSERT INTO usage_logs (usage_log_id, asset_id, usage_date, flight_hours, missions_count, critical_missions_count, operational_days) OVERRIDING SYSTEM VALUE VALUES (178, 10, '2025-10-15', 3.86, 4, 1, 1);
INSERT INTO usage_logs (usage_log_id, asset_id, usage_date, flight_hours, missions_count, critical_missions_count, operational_days) OVERRIDING SYSTEM VALUE VALUES (179, 11, '2025-10-15', 5.02, 4, 0, 1);
INSERT INTO usage_logs (usage_log_id, asset_id, usage_date, flight_hours, missions_count, critical_missions_count, operational_days) OVERRIDING SYSTEM VALUE VALUES (180, 12, '2025-10-15', 5.32, 2, 0, 1);
INSERT INTO usage_logs (usage_log_id, asset_id, usage_date, flight_hours, missions_count, critical_missions_count, operational_days) OVERRIDING SYSTEM VALUE VALUES (181, 1, '2025-10-16', 3.84, 3, 0, 1);
INSERT INTO usage_logs (usage_log_id, asset_id, usage_date, flight_hours, missions_count, critical_missions_count, operational_days) OVERRIDING SYSTEM VALUE VALUES (182, 2, '2025-10-16', 7.32, 2, 1, 1);
INSERT INTO usage_logs (usage_log_id, asset_id, usage_date, flight_hours, missions_count, critical_missions_count, operational_days) OVERRIDING SYSTEM VALUE VALUES (183, 3, '2025-10-16', 0.0, 0, 0, 0);
INSERT INTO usage_logs (usage_log_id, asset_id, usage_date, flight_hours, missions_count, critical_missions_count, operational_days) OVERRIDING SYSTEM VALUE VALUES (184, 4, '2025-10-16', 3.46, 2, 0, 1);
INSERT INTO usage_logs (usage_log_id, asset_id, usage_date, flight_hours, missions_count, critical_missions_count, operational_days) OVERRIDING SYSTEM VALUE VALUES (185, 5, '2025-10-16', 2.16, 2, 1, 1);
INSERT INTO usage_logs (usage_log_id, asset_id, usage_date, flight_hours, missions_count, critical_missions_count, operational_days) OVERRIDING SYSTEM VALUE VALUES (186, 6, '2025-10-16', 0.0, 0, 0, 0);
INSERT INTO usage_logs (usage_log_id, asset_id, usage_date, flight_hours, missions_count, critical_missions_count, operational_days) OVERRIDING SYSTEM VALUE VALUES (187, 7, '2025-10-16', 5.97, 1, 1, 1);
INSERT INTO usage_logs (usage_log_id, asset_id, usage_date, flight_hours, missions_count, critical_missions_count, operational_days) OVERRIDING SYSTEM VALUE VALUES (188, 8, '2025-10-16', 4.69, 2, 1, 1);
INSERT INTO usage_logs (usage_log_id, asset_id, usage_date, flight_hours, missions_count, critical_missions_count, operational_days) OVERRIDING SYSTEM VALUE VALUES (189, 9, '2025-10-16', 0.0, 0, 0, 0);
INSERT INTO usage_logs (usage_log_id, asset_id, usage_date, flight_hours, missions_count, critical_missions_count, operational_days) OVERRIDING SYSTEM VALUE VALUES (190, 10, '2025-10-16', 5.21, 2, 0, 1);
INSERT INTO usage_logs (usage_log_id, asset_id, usage_date, flight_hours, missions_count, critical_missions_count, operational_days) OVERRIDING SYSTEM VALUE VALUES (191, 11, '2025-10-16', 6.26, 1, 0, 1);
INSERT INTO usage_logs (usage_log_id, asset_id, usage_date, flight_hours, missions_count, critical_missions_count, operational_days) OVERRIDING SYSTEM VALUE VALUES (192, 12, '2025-10-16', 7.06, 2, 0, 1);
INSERT INTO usage_logs (usage_log_id, asset_id, usage_date, flight_hours, missions_count, critical_missions_count, operational_days) OVERRIDING SYSTEM VALUE VALUES (193, 1, '2025-10-17', 7.23, 4, 0, 1);
INSERT INTO usage_logs (usage_log_id, asset_id, usage_date, flight_hours, missions_count, critical_missions_count, operational_days) OVERRIDING SYSTEM VALUE VALUES (194, 2, '2025-10-17', 5.62, 1, 1, 1);
INSERT INTO usage_logs (usage_log_id, asset_id, usage_date, flight_hours, missions_count, critical_missions_count, operational_days) OVERRIDING SYSTEM VALUE VALUES (195, 3, '2025-10-17', 0.0, 0, 0, 0);
INSERT INTO usage_logs (usage_log_id, asset_id, usage_date, flight_hours, missions_count, critical_missions_count, operational_days) OVERRIDING SYSTEM VALUE VALUES (196, 4, '2025-10-17', 2.87, 4, 1, 1);
INSERT INTO usage_logs (usage_log_id, asset_id, usage_date, flight_hours, missions_count, critical_missions_count, operational_days) OVERRIDING SYSTEM VALUE VALUES (197, 5, '2025-10-17', 8.18, 4, 1, 1);
INSERT INTO usage_logs (usage_log_id, asset_id, usage_date, flight_hours, missions_count, critical_missions_count, operational_days) OVERRIDING SYSTEM VALUE VALUES (198, 6, '2025-10-17', 0.0, 0, 0, 0);
INSERT INTO usage_logs (usage_log_id, asset_id, usage_date, flight_hours, missions_count, critical_missions_count, operational_days) OVERRIDING SYSTEM VALUE VALUES (199, 7, '2025-10-17', 7.4, 4, 0, 1);
INSERT INTO usage_logs (usage_log_id, asset_id, usage_date, flight_hours, missions_count, critical_missions_count, operational_days) OVERRIDING SYSTEM VALUE VALUES (200, 8, '2025-10-17', 6.83, 4, 1, 1);
INSERT INTO usage_logs (usage_log_id, asset_id, usage_date, flight_hours, missions_count, critical_missions_count, operational_days) OVERRIDING SYSTEM VALUE VALUES (201, 9, '2025-10-17', 0.0, 0, 0, 0);
INSERT INTO usage_logs (usage_log_id, asset_id, usage_date, flight_hours, missions_count, critical_missions_count, operational_days) OVERRIDING SYSTEM VALUE VALUES (202, 10, '2025-10-17', 3.68, 2, 1, 1);
INSERT INTO usage_logs (usage_log_id, asset_id, usage_date, flight_hours, missions_count, critical_missions_count, operational_days) OVERRIDING SYSTEM VALUE VALUES (203, 11, '2025-10-17', 6.98, 4, 0, 1);
INSERT INTO usage_logs (usage_log_id, asset_id, usage_date, flight_hours, missions_count, critical_missions_count, operational_days) OVERRIDING SYSTEM VALUE VALUES (204, 12, '2025-10-17', 3.78, 1, 1, 1);
INSERT INTO usage_logs (usage_log_id, asset_id, usage_date, flight_hours, missions_count, critical_missions_count, operational_days) OVERRIDING SYSTEM VALUE VALUES (205, 1, '2025-10-18', 3.52, 3, 1, 1);
INSERT INTO usage_logs (usage_log_id, asset_id, usage_date, flight_hours, missions_count, critical_missions_count, operational_days) OVERRIDING SYSTEM VALUE VALUES (206, 2, '2025-10-18', 7.8, 1, 0, 1);
INSERT INTO usage_logs (usage_log_id, asset_id, usage_date, flight_hours, missions_count, critical_missions_count, operational_days) OVERRIDING SYSTEM VALUE VALUES (207, 3, '2025-10-18', 0.0, 0, 0, 0);
INSERT INTO usage_logs (usage_log_id, asset_id, usage_date, flight_hours, missions_count, critical_missions_count, operational_days) OVERRIDING SYSTEM VALUE VALUES (208, 4, '2025-10-18', 2.98, 4, 0, 1);
INSERT INTO usage_logs (usage_log_id, asset_id, usage_date, flight_hours, missions_count, critical_missions_count, operational_days) OVERRIDING SYSTEM VALUE VALUES (209, 5, '2025-10-18', 6.59, 1, 1, 1);
INSERT INTO usage_logs (usage_log_id, asset_id, usage_date, flight_hours, missions_count, critical_missions_count, operational_days) OVERRIDING SYSTEM VALUE VALUES (210, 6, '2025-10-18', 0.0, 0, 0, 0);
INSERT INTO usage_logs (usage_log_id, asset_id, usage_date, flight_hours, missions_count, critical_missions_count, operational_days) OVERRIDING SYSTEM VALUE VALUES (211, 7, '2025-10-18', 4.65, 4, 1, 1);
INSERT INTO usage_logs (usage_log_id, asset_id, usage_date, flight_hours, missions_count, critical_missions_count, operational_days) OVERRIDING SYSTEM VALUE VALUES (212, 8, '2025-10-18', 2.4, 4, 1, 1);
INSERT INTO usage_logs (usage_log_id, asset_id, usage_date, flight_hours, missions_count, critical_missions_count, operational_days) OVERRIDING SYSTEM VALUE VALUES (213, 9, '2025-10-18', 0.0, 0, 0, 0);
INSERT INTO usage_logs (usage_log_id, asset_id, usage_date, flight_hours, missions_count, critical_missions_count, operational_days) OVERRIDING SYSTEM VALUE VALUES (214, 10, '2025-10-18', 7.88, 1, 1, 1);
INSERT INTO usage_logs (usage_log_id, asset_id, usage_date, flight_hours, missions_count, critical_missions_count, operational_days) OVERRIDING SYSTEM VALUE VALUES (215, 11, '2025-10-18', 5.1, 3, 1, 1);
INSERT INTO usage_logs (usage_log_id, asset_id, usage_date, flight_hours, missions_count, critical_missions_count, operational_days) OVERRIDING SYSTEM VALUE VALUES (216, 12, '2025-10-18', 6.9, 4, 0, 1);
INSERT INTO usage_logs (usage_log_id, asset_id, usage_date, flight_hours, missions_count, critical_missions_count, operational_days) OVERRIDING SYSTEM VALUE VALUES (217, 1, '2025-10-19', 5.17, 3, 1, 1);
INSERT INTO usage_logs (usage_log_id, asset_id, usage_date, flight_hours, missions_count, critical_missions_count, operational_days) OVERRIDING SYSTEM VALUE VALUES (218, 2, '2025-10-19', 5.16, 4, 1, 1);
INSERT INTO usage_logs (usage_log_id, asset_id, usage_date, flight_hours, missions_count, critical_missions_count, operational_days) OVERRIDING SYSTEM VALUE VALUES (219, 3, '2025-10-19', 0.0, 0, 0, 0);
INSERT INTO usage_logs (usage_log_id, asset_id, usage_date, flight_hours, missions_count, critical_missions_count, operational_days) OVERRIDING SYSTEM VALUE VALUES (220, 4, '2025-10-19', 6.35, 4, 0, 1);
INSERT INTO usage_logs (usage_log_id, asset_id, usage_date, flight_hours, missions_count, critical_missions_count, operational_days) OVERRIDING SYSTEM VALUE VALUES (221, 5, '2025-10-19', 7.46, 2, 0, 1);
INSERT INTO usage_logs (usage_log_id, asset_id, usage_date, flight_hours, missions_count, critical_missions_count, operational_days) OVERRIDING SYSTEM VALUE VALUES (222, 6, '2025-10-19', 0.0, 0, 0, 0);
INSERT INTO usage_logs (usage_log_id, asset_id, usage_date, flight_hours, missions_count, critical_missions_count, operational_days) OVERRIDING SYSTEM VALUE VALUES (223, 7, '2025-10-19', 7.9, 1, 0, 1);
INSERT INTO usage_logs (usage_log_id, asset_id, usage_date, flight_hours, missions_count, critical_missions_count, operational_days) OVERRIDING SYSTEM VALUE VALUES (224, 8, '2025-10-19', 6.18, 2, 1, 1);
INSERT INTO usage_logs (usage_log_id, asset_id, usage_date, flight_hours, missions_count, critical_missions_count, operational_days) OVERRIDING SYSTEM VALUE VALUES (225, 9, '2025-10-19', 0.0, 0, 0, 0);
INSERT INTO usage_logs (usage_log_id, asset_id, usage_date, flight_hours, missions_count, critical_missions_count, operational_days) OVERRIDING SYSTEM VALUE VALUES (226, 10, '2025-10-19', 3.18, 3, 1, 1);
INSERT INTO usage_logs (usage_log_id, asset_id, usage_date, flight_hours, missions_count, critical_missions_count, operational_days) OVERRIDING SYSTEM VALUE VALUES (227, 11, '2025-10-19', 4.13, 4, 1, 1);
INSERT INTO usage_logs (usage_log_id, asset_id, usage_date, flight_hours, missions_count, critical_missions_count, operational_days) OVERRIDING SYSTEM VALUE VALUES (228, 12, '2025-10-19', 4.19, 4, 1, 1);
INSERT INTO usage_logs (usage_log_id, asset_id, usage_date, flight_hours, missions_count, critical_missions_count, operational_days) OVERRIDING SYSTEM VALUE VALUES (229, 1, '2025-10-20', 6.89, 4, 1, 1);
INSERT INTO usage_logs (usage_log_id, asset_id, usage_date, flight_hours, missions_count, critical_missions_count, operational_days) OVERRIDING SYSTEM VALUE VALUES (230, 2, '2025-10-20', 7.43, 4, 0, 1);
INSERT INTO usage_logs (usage_log_id, asset_id, usage_date, flight_hours, missions_count, critical_missions_count, operational_days) OVERRIDING SYSTEM VALUE VALUES (231, 3, '2025-10-20', 0.0, 0, 0, 0);
INSERT INTO usage_logs (usage_log_id, asset_id, usage_date, flight_hours, missions_count, critical_missions_count, operational_days) OVERRIDING SYSTEM VALUE VALUES (232, 4, '2025-10-20', 6.87, 1, 1, 1);
INSERT INTO usage_logs (usage_log_id, asset_id, usage_date, flight_hours, missions_count, critical_missions_count, operational_days) OVERRIDING SYSTEM VALUE VALUES (233, 5, '2025-10-20', 3.46, 1, 0, 1);
INSERT INTO usage_logs (usage_log_id, asset_id, usage_date, flight_hours, missions_count, critical_missions_count, operational_days) OVERRIDING SYSTEM VALUE VALUES (234, 6, '2025-10-20', 0.0, 0, 0, 0);
INSERT INTO usage_logs (usage_log_id, asset_id, usage_date, flight_hours, missions_count, critical_missions_count, operational_days) OVERRIDING SYSTEM VALUE VALUES (235, 7, '2025-10-20', 6.9, 2, 0, 1);
INSERT INTO usage_logs (usage_log_id, asset_id, usage_date, flight_hours, missions_count, critical_missions_count, operational_days) OVERRIDING SYSTEM VALUE VALUES (236, 8, '2025-10-20', 7.45, 2, 0, 1);
INSERT INTO usage_logs (usage_log_id, asset_id, usage_date, flight_hours, missions_count, critical_missions_count, operational_days) OVERRIDING SYSTEM VALUE VALUES (237, 9, '2025-10-20', 0.0, 0, 0, 0);
INSERT INTO usage_logs (usage_log_id, asset_id, usage_date, flight_hours, missions_count, critical_missions_count, operational_days) OVERRIDING SYSTEM VALUE VALUES (238, 10, '2025-10-20', 2.82, 1, 0, 1);
INSERT INTO usage_logs (usage_log_id, asset_id, usage_date, flight_hours, missions_count, critical_missions_count, operational_days) OVERRIDING SYSTEM VALUE VALUES (239, 11, '2025-10-20', 5.02, 3, 1, 1);
INSERT INTO usage_logs (usage_log_id, asset_id, usage_date, flight_hours, missions_count, critical_missions_count, operational_days) OVERRIDING SYSTEM VALUE VALUES (240, 12, '2025-10-20', 3.09, 1, 0, 1);
INSERT INTO usage_logs (usage_log_id, asset_id, usage_date, flight_hours, missions_count, critical_missions_count, operational_days) OVERRIDING SYSTEM VALUE VALUES (241, 1, '2025-10-21', 8.27, 1, 0, 1);
INSERT INTO usage_logs (usage_log_id, asset_id, usage_date, flight_hours, missions_count, critical_missions_count, operational_days) OVERRIDING SYSTEM VALUE VALUES (242, 2, '2025-10-21', 8.04, 4, 1, 1);
INSERT INTO usage_logs (usage_log_id, asset_id, usage_date, flight_hours, missions_count, critical_missions_count, operational_days) OVERRIDING SYSTEM VALUE VALUES (243, 3, '2025-10-21', 0.0, 0, 0, 0);
INSERT INTO usage_logs (usage_log_id, asset_id, usage_date, flight_hours, missions_count, critical_missions_count, operational_days) OVERRIDING SYSTEM VALUE VALUES (244, 4, '2025-10-21', 8.12, 2, 0, 1);
INSERT INTO usage_logs (usage_log_id, asset_id, usage_date, flight_hours, missions_count, critical_missions_count, operational_days) OVERRIDING SYSTEM VALUE VALUES (245, 5, '2025-10-21', 5.85, 2, 0, 1);
INSERT INTO usage_logs (usage_log_id, asset_id, usage_date, flight_hours, missions_count, critical_missions_count, operational_days) OVERRIDING SYSTEM VALUE VALUES (246, 6, '2025-10-21', 0.0, 0, 0, 0);
INSERT INTO usage_logs (usage_log_id, asset_id, usage_date, flight_hours, missions_count, critical_missions_count, operational_days) OVERRIDING SYSTEM VALUE VALUES (247, 7, '2025-10-21', 6.53, 3, 0, 1);
INSERT INTO usage_logs (usage_log_id, asset_id, usage_date, flight_hours, missions_count, critical_missions_count, operational_days) OVERRIDING SYSTEM VALUE VALUES (248, 8, '2025-10-21', 7.18, 1, 1, 1);
INSERT INTO usage_logs (usage_log_id, asset_id, usage_date, flight_hours, missions_count, critical_missions_count, operational_days) OVERRIDING SYSTEM VALUE VALUES (249, 9, '2025-10-21', 0.0, 0, 0, 0);
INSERT INTO usage_logs (usage_log_id, asset_id, usage_date, flight_hours, missions_count, critical_missions_count, operational_days) OVERRIDING SYSTEM VALUE VALUES (250, 10, '2025-10-21', 5.46, 3, 0, 1);
INSERT INTO usage_logs (usage_log_id, asset_id, usage_date, flight_hours, missions_count, critical_missions_count, operational_days) OVERRIDING SYSTEM VALUE VALUES (251, 11, '2025-10-21', 5.29, 3, 0, 1);
INSERT INTO usage_logs (usage_log_id, asset_id, usage_date, flight_hours, missions_count, critical_missions_count, operational_days) OVERRIDING SYSTEM VALUE VALUES (252, 12, '2025-10-21', 7.52, 4, 0, 1);
INSERT INTO usage_logs (usage_log_id, asset_id, usage_date, flight_hours, missions_count, critical_missions_count, operational_days) OVERRIDING SYSTEM VALUE VALUES (253, 1, '2025-10-22', 4.82, 3, 1, 1);
INSERT INTO usage_logs (usage_log_id, asset_id, usage_date, flight_hours, missions_count, critical_missions_count, operational_days) OVERRIDING SYSTEM VALUE VALUES (254, 2, '2025-10-22', 6.6, 4, 0, 1);
INSERT INTO usage_logs (usage_log_id, asset_id, usage_date, flight_hours, missions_count, critical_missions_count, operational_days) OVERRIDING SYSTEM VALUE VALUES (255, 3, '2025-10-22', 0.0, 0, 0, 0);
INSERT INTO usage_logs (usage_log_id, asset_id, usage_date, flight_hours, missions_count, critical_missions_count, operational_days) OVERRIDING SYSTEM VALUE VALUES (256, 4, '2025-10-22', 6.77, 3, 1, 1);
INSERT INTO usage_logs (usage_log_id, asset_id, usage_date, flight_hours, missions_count, critical_missions_count, operational_days) OVERRIDING SYSTEM VALUE VALUES (257, 5, '2025-10-22', 5.02, 3, 1, 1);
INSERT INTO usage_logs (usage_log_id, asset_id, usage_date, flight_hours, missions_count, critical_missions_count, operational_days) OVERRIDING SYSTEM VALUE VALUES (258, 6, '2025-10-22', 0.0, 0, 0, 0);
INSERT INTO usage_logs (usage_log_id, asset_id, usage_date, flight_hours, missions_count, critical_missions_count, operational_days) OVERRIDING SYSTEM VALUE VALUES (259, 7, '2025-10-22', 7.54, 1, 1, 1);
INSERT INTO usage_logs (usage_log_id, asset_id, usage_date, flight_hours, missions_count, critical_missions_count, operational_days) OVERRIDING SYSTEM VALUE VALUES (260, 8, '2025-10-22', 7.73, 2, 1, 1);
INSERT INTO usage_logs (usage_log_id, asset_id, usage_date, flight_hours, missions_count, critical_missions_count, operational_days) OVERRIDING SYSTEM VALUE VALUES (261, 9, '2025-10-22', 0.0, 0, 0, 0);
INSERT INTO usage_logs (usage_log_id, asset_id, usage_date, flight_hours, missions_count, critical_missions_count, operational_days) OVERRIDING SYSTEM VALUE VALUES (262, 10, '2025-10-22', 5.7, 4, 1, 1);
INSERT INTO usage_logs (usage_log_id, asset_id, usage_date, flight_hours, missions_count, critical_missions_count, operational_days) OVERRIDING SYSTEM VALUE VALUES (263, 11, '2025-10-22', 2.19, 3, 0, 1);
INSERT INTO usage_logs (usage_log_id, asset_id, usage_date, flight_hours, missions_count, critical_missions_count, operational_days) OVERRIDING SYSTEM VALUE VALUES (264, 12, '2025-10-22', 5.17, 3, 1, 1);
INSERT INTO usage_logs (usage_log_id, asset_id, usage_date, flight_hours, missions_count, critical_missions_count, operational_days) OVERRIDING SYSTEM VALUE VALUES (265, 1, '2025-10-23', 4.21, 3, 0, 1);
INSERT INTO usage_logs (usage_log_id, asset_id, usage_date, flight_hours, missions_count, critical_missions_count, operational_days) OVERRIDING SYSTEM VALUE VALUES (266, 2, '2025-10-23', 5.36, 2, 0, 1);
INSERT INTO usage_logs (usage_log_id, asset_id, usage_date, flight_hours, missions_count, critical_missions_count, operational_days) OVERRIDING SYSTEM VALUE VALUES (267, 3, '2025-10-23', 0.0, 0, 0, 0);
INSERT INTO usage_logs (usage_log_id, asset_id, usage_date, flight_hours, missions_count, critical_missions_count, operational_days) OVERRIDING SYSTEM VALUE VALUES (268, 4, '2025-10-23', 3.57, 4, 1, 1);
INSERT INTO usage_logs (usage_log_id, asset_id, usage_date, flight_hours, missions_count, critical_missions_count, operational_days) OVERRIDING SYSTEM VALUE VALUES (269, 5, '2025-10-23', 5.61, 2, 1, 1);
INSERT INTO usage_logs (usage_log_id, asset_id, usage_date, flight_hours, missions_count, critical_missions_count, operational_days) OVERRIDING SYSTEM VALUE VALUES (270, 6, '2025-10-23', 0.0, 0, 0, 0);
INSERT INTO usage_logs (usage_log_id, asset_id, usage_date, flight_hours, missions_count, critical_missions_count, operational_days) OVERRIDING SYSTEM VALUE VALUES (271, 7, '2025-10-23', 6.2, 4, 1, 1);
INSERT INTO usage_logs (usage_log_id, asset_id, usage_date, flight_hours, missions_count, critical_missions_count, operational_days) OVERRIDING SYSTEM VALUE VALUES (272, 8, '2025-10-23', 7.15, 1, 1, 1);
INSERT INTO usage_logs (usage_log_id, asset_id, usage_date, flight_hours, missions_count, critical_missions_count, operational_days) OVERRIDING SYSTEM VALUE VALUES (273, 9, '2025-10-23', 0.0, 0, 0, 0);
INSERT INTO usage_logs (usage_log_id, asset_id, usage_date, flight_hours, missions_count, critical_missions_count, operational_days) OVERRIDING SYSTEM VALUE VALUES (274, 10, '2025-10-23', 3.44, 2, 1, 1);
INSERT INTO usage_logs (usage_log_id, asset_id, usage_date, flight_hours, missions_count, critical_missions_count, operational_days) OVERRIDING SYSTEM VALUE VALUES (275, 11, '2025-10-23', 6.32, 3, 1, 1);
INSERT INTO usage_logs (usage_log_id, asset_id, usage_date, flight_hours, missions_count, critical_missions_count, operational_days) OVERRIDING SYSTEM VALUE VALUES (276, 12, '2025-10-23', 5.6, 3, 1, 1);
INSERT INTO usage_logs (usage_log_id, asset_id, usage_date, flight_hours, missions_count, critical_missions_count, operational_days) OVERRIDING SYSTEM VALUE VALUES (277, 1, '2025-10-24', 8.48, 3, 1, 1);
INSERT INTO usage_logs (usage_log_id, asset_id, usage_date, flight_hours, missions_count, critical_missions_count, operational_days) OVERRIDING SYSTEM VALUE VALUES (278, 2, '2025-10-24', 6.57, 3, 1, 1);
INSERT INTO usage_logs (usage_log_id, asset_id, usage_date, flight_hours, missions_count, critical_missions_count, operational_days) OVERRIDING SYSTEM VALUE VALUES (279, 3, '2025-10-24', 0.0, 0, 0, 0);
INSERT INTO usage_logs (usage_log_id, asset_id, usage_date, flight_hours, missions_count, critical_missions_count, operational_days) OVERRIDING SYSTEM VALUE VALUES (280, 4, '2025-10-24', 3.63, 1, 0, 1);
INSERT INTO usage_logs (usage_log_id, asset_id, usage_date, flight_hours, missions_count, critical_missions_count, operational_days) OVERRIDING SYSTEM VALUE VALUES (281, 5, '2025-10-24', 4.05, 2, 0, 1);
INSERT INTO usage_logs (usage_log_id, asset_id, usage_date, flight_hours, missions_count, critical_missions_count, operational_days) OVERRIDING SYSTEM VALUE VALUES (282, 6, '2025-10-24', 0.0, 0, 0, 0);
INSERT INTO usage_logs (usage_log_id, asset_id, usage_date, flight_hours, missions_count, critical_missions_count, operational_days) OVERRIDING SYSTEM VALUE VALUES (283, 7, '2025-10-24', 3.41, 4, 1, 1);
INSERT INTO usage_logs (usage_log_id, asset_id, usage_date, flight_hours, missions_count, critical_missions_count, operational_days) OVERRIDING SYSTEM VALUE VALUES (284, 8, '2025-10-24', 6.71, 3, 0, 1);
INSERT INTO usage_logs (usage_log_id, asset_id, usage_date, flight_hours, missions_count, critical_missions_count, operational_days) OVERRIDING SYSTEM VALUE VALUES (285, 9, '2025-10-24', 0.0, 0, 0, 0);
INSERT INTO usage_logs (usage_log_id, asset_id, usage_date, flight_hours, missions_count, critical_missions_count, operational_days) OVERRIDING SYSTEM VALUE VALUES (286, 10, '2025-10-24', 7.41, 3, 0, 1);
INSERT INTO usage_logs (usage_log_id, asset_id, usage_date, flight_hours, missions_count, critical_missions_count, operational_days) OVERRIDING SYSTEM VALUE VALUES (287, 11, '2025-10-24', 4.35, 3, 0, 1);
INSERT INTO usage_logs (usage_log_id, asset_id, usage_date, flight_hours, missions_count, critical_missions_count, operational_days) OVERRIDING SYSTEM VALUE VALUES (288, 12, '2025-10-24', 6.6, 2, 1, 1);
INSERT INTO usage_logs (usage_log_id, asset_id, usage_date, flight_hours, missions_count, critical_missions_count, operational_days) OVERRIDING SYSTEM VALUE VALUES (289, 1, '2025-10-25', 2.3, 1, 1, 1);
INSERT INTO usage_logs (usage_log_id, asset_id, usage_date, flight_hours, missions_count, critical_missions_count, operational_days) OVERRIDING SYSTEM VALUE VALUES (290, 2, '2025-10-25', 6.53, 2, 1, 1);
INSERT INTO usage_logs (usage_log_id, asset_id, usage_date, flight_hours, missions_count, critical_missions_count, operational_days) OVERRIDING SYSTEM VALUE VALUES (291, 3, '2025-10-25', 0.0, 0, 0, 0);
INSERT INTO usage_logs (usage_log_id, asset_id, usage_date, flight_hours, missions_count, critical_missions_count, operational_days) OVERRIDING SYSTEM VALUE VALUES (292, 4, '2025-10-25', 2.67, 1, 1, 1);
INSERT INTO usage_logs (usage_log_id, asset_id, usage_date, flight_hours, missions_count, critical_missions_count, operational_days) OVERRIDING SYSTEM VALUE VALUES (293, 5, '2025-10-25', 5.05, 4, 1, 1);
INSERT INTO usage_logs (usage_log_id, asset_id, usage_date, flight_hours, missions_count, critical_missions_count, operational_days) OVERRIDING SYSTEM VALUE VALUES (294, 6, '2025-10-25', 0.0, 0, 0, 0);
INSERT INTO usage_logs (usage_log_id, asset_id, usage_date, flight_hours, missions_count, critical_missions_count, operational_days) OVERRIDING SYSTEM VALUE VALUES (295, 7, '2025-10-25', 3.2, 1, 1, 1);
INSERT INTO usage_logs (usage_log_id, asset_id, usage_date, flight_hours, missions_count, critical_missions_count, operational_days) OVERRIDING SYSTEM VALUE VALUES (296, 8, '2025-10-25', 8.12, 4, 0, 1);
INSERT INTO usage_logs (usage_log_id, asset_id, usage_date, flight_hours, missions_count, critical_missions_count, operational_days) OVERRIDING SYSTEM VALUE VALUES (297, 9, '2025-10-25', 0.0, 0, 0, 0);
INSERT INTO usage_logs (usage_log_id, asset_id, usage_date, flight_hours, missions_count, critical_missions_count, operational_days) OVERRIDING SYSTEM VALUE VALUES (298, 10, '2025-10-25', 7.34, 4, 1, 1);
INSERT INTO usage_logs (usage_log_id, asset_id, usage_date, flight_hours, missions_count, critical_missions_count, operational_days) OVERRIDING SYSTEM VALUE VALUES (299, 11, '2025-10-25', 2.48, 1, 0, 1);
INSERT INTO usage_logs (usage_log_id, asset_id, usage_date, flight_hours, missions_count, critical_missions_count, operational_days) OVERRIDING SYSTEM VALUE VALUES (300, 12, '2025-10-25', 2.97, 3, 0, 1);
INSERT INTO usage_logs (usage_log_id, asset_id, usage_date, flight_hours, missions_count, critical_missions_count, operational_days) OVERRIDING SYSTEM VALUE VALUES (301, 1, '2025-10-26', 8.46, 1, 1, 1);
INSERT INTO usage_logs (usage_log_id, asset_id, usage_date, flight_hours, missions_count, critical_missions_count, operational_days) OVERRIDING SYSTEM VALUE VALUES (302, 2, '2025-10-26', 5.94, 2, 1, 1);
INSERT INTO usage_logs (usage_log_id, asset_id, usage_date, flight_hours, missions_count, critical_missions_count, operational_days) OVERRIDING SYSTEM VALUE VALUES (303, 3, '2025-10-26', 0.0, 0, 0, 0);
INSERT INTO usage_logs (usage_log_id, asset_id, usage_date, flight_hours, missions_count, critical_missions_count, operational_days) OVERRIDING SYSTEM VALUE VALUES (304, 4, '2025-10-26', 4.93, 4, 1, 1);
INSERT INTO usage_logs (usage_log_id, asset_id, usage_date, flight_hours, missions_count, critical_missions_count, operational_days) OVERRIDING SYSTEM VALUE VALUES (305, 5, '2025-10-26', 7.59, 4, 1, 1);
INSERT INTO usage_logs (usage_log_id, asset_id, usage_date, flight_hours, missions_count, critical_missions_count, operational_days) OVERRIDING SYSTEM VALUE VALUES (306, 6, '2025-10-26', 0.0, 0, 0, 0);
INSERT INTO usage_logs (usage_log_id, asset_id, usage_date, flight_hours, missions_count, critical_missions_count, operational_days) OVERRIDING SYSTEM VALUE VALUES (307, 7, '2025-10-26', 5.7, 1, 0, 1);
INSERT INTO usage_logs (usage_log_id, asset_id, usage_date, flight_hours, missions_count, critical_missions_count, operational_days) OVERRIDING SYSTEM VALUE VALUES (308, 8, '2025-10-26', 8.16, 2, 0, 1);
INSERT INTO usage_logs (usage_log_id, asset_id, usage_date, flight_hours, missions_count, critical_missions_count, operational_days) OVERRIDING SYSTEM VALUE VALUES (309, 9, '2025-10-26', 0.0, 0, 0, 0);
INSERT INTO usage_logs (usage_log_id, asset_id, usage_date, flight_hours, missions_count, critical_missions_count, operational_days) OVERRIDING SYSTEM VALUE VALUES (310, 10, '2025-10-26', 3.72, 1, 0, 1);
INSERT INTO usage_logs (usage_log_id, asset_id, usage_date, flight_hours, missions_count, critical_missions_count, operational_days) OVERRIDING SYSTEM VALUE VALUES (311, 11, '2025-10-26', 3.56, 1, 0, 1);
INSERT INTO usage_logs (usage_log_id, asset_id, usage_date, flight_hours, missions_count, critical_missions_count, operational_days) OVERRIDING SYSTEM VALUE VALUES (312, 12, '2025-10-26', 2.02, 4, 1, 1);
INSERT INTO usage_logs (usage_log_id, asset_id, usage_date, flight_hours, missions_count, critical_missions_count, operational_days) OVERRIDING SYSTEM VALUE VALUES (313, 1, '2025-10-27', 3.89, 2, 1, 1);
INSERT INTO usage_logs (usage_log_id, asset_id, usage_date, flight_hours, missions_count, critical_missions_count, operational_days) OVERRIDING SYSTEM VALUE VALUES (314, 2, '2025-10-27', 6.6, 4, 0, 1);
INSERT INTO usage_logs (usage_log_id, asset_id, usage_date, flight_hours, missions_count, critical_missions_count, operational_days) OVERRIDING SYSTEM VALUE VALUES (315, 3, '2025-10-27', 0.0, 0, 0, 0);
INSERT INTO usage_logs (usage_log_id, asset_id, usage_date, flight_hours, missions_count, critical_missions_count, operational_days) OVERRIDING SYSTEM VALUE VALUES (316, 4, '2025-10-27', 6.47, 3, 0, 1);
INSERT INTO usage_logs (usage_log_id, asset_id, usage_date, flight_hours, missions_count, critical_missions_count, operational_days) OVERRIDING SYSTEM VALUE VALUES (317, 5, '2025-10-27', 4.76, 2, 0, 1);
INSERT INTO usage_logs (usage_log_id, asset_id, usage_date, flight_hours, missions_count, critical_missions_count, operational_days) OVERRIDING SYSTEM VALUE VALUES (318, 6, '2025-10-27', 0.0, 0, 0, 0);
INSERT INTO usage_logs (usage_log_id, asset_id, usage_date, flight_hours, missions_count, critical_missions_count, operational_days) OVERRIDING SYSTEM VALUE VALUES (319, 7, '2025-10-27', 7.9, 2, 0, 1);
INSERT INTO usage_logs (usage_log_id, asset_id, usage_date, flight_hours, missions_count, critical_missions_count, operational_days) OVERRIDING SYSTEM VALUE VALUES (320, 8, '2025-10-27', 2.39, 3, 1, 1);
INSERT INTO usage_logs (usage_log_id, asset_id, usage_date, flight_hours, missions_count, critical_missions_count, operational_days) OVERRIDING SYSTEM VALUE VALUES (321, 9, '2025-10-27', 0.0, 0, 0, 0);
INSERT INTO usage_logs (usage_log_id, asset_id, usage_date, flight_hours, missions_count, critical_missions_count, operational_days) OVERRIDING SYSTEM VALUE VALUES (322, 10, '2025-10-27', 4.85, 4, 1, 1);
INSERT INTO usage_logs (usage_log_id, asset_id, usage_date, flight_hours, missions_count, critical_missions_count, operational_days) OVERRIDING SYSTEM VALUE VALUES (323, 11, '2025-10-27', 6.55, 3, 1, 1);
INSERT INTO usage_logs (usage_log_id, asset_id, usage_date, flight_hours, missions_count, critical_missions_count, operational_days) OVERRIDING SYSTEM VALUE VALUES (324, 12, '2025-10-27', 4.85, 1, 1, 1);
INSERT INTO usage_logs (usage_log_id, asset_id, usage_date, flight_hours, missions_count, critical_missions_count, operational_days) OVERRIDING SYSTEM VALUE VALUES (325, 1, '2025-10-28', 6.77, 3, 0, 1);
INSERT INTO usage_logs (usage_log_id, asset_id, usage_date, flight_hours, missions_count, critical_missions_count, operational_days) OVERRIDING SYSTEM VALUE VALUES (326, 2, '2025-10-28', 2.59, 1, 1, 1);
INSERT INTO usage_logs (usage_log_id, asset_id, usage_date, flight_hours, missions_count, critical_missions_count, operational_days) OVERRIDING SYSTEM VALUE VALUES (327, 3, '2025-10-28', 0.0, 0, 0, 0);
INSERT INTO usage_logs (usage_log_id, asset_id, usage_date, flight_hours, missions_count, critical_missions_count, operational_days) OVERRIDING SYSTEM VALUE VALUES (328, 4, '2025-10-28', 5.75, 2, 1, 1);
INSERT INTO usage_logs (usage_log_id, asset_id, usage_date, flight_hours, missions_count, critical_missions_count, operational_days) OVERRIDING SYSTEM VALUE VALUES (329, 5, '2025-10-28', 5.37, 4, 1, 1);
INSERT INTO usage_logs (usage_log_id, asset_id, usage_date, flight_hours, missions_count, critical_missions_count, operational_days) OVERRIDING SYSTEM VALUE VALUES (330, 6, '2025-10-28', 0.0, 0, 0, 0);
INSERT INTO usage_logs (usage_log_id, asset_id, usage_date, flight_hours, missions_count, critical_missions_count, operational_days) OVERRIDING SYSTEM VALUE VALUES (331, 7, '2025-10-28', 3.18, 4, 1, 1);
INSERT INTO usage_logs (usage_log_id, asset_id, usage_date, flight_hours, missions_count, critical_missions_count, operational_days) OVERRIDING SYSTEM VALUE VALUES (332, 8, '2025-10-28', 8.3, 4, 1, 1);
INSERT INTO usage_logs (usage_log_id, asset_id, usage_date, flight_hours, missions_count, critical_missions_count, operational_days) OVERRIDING SYSTEM VALUE VALUES (333, 9, '2025-10-28', 0.0, 0, 0, 0);
INSERT INTO usage_logs (usage_log_id, asset_id, usage_date, flight_hours, missions_count, critical_missions_count, operational_days) OVERRIDING SYSTEM VALUE VALUES (334, 10, '2025-10-28', 4.65, 3, 0, 1);
INSERT INTO usage_logs (usage_log_id, asset_id, usage_date, flight_hours, missions_count, critical_missions_count, operational_days) OVERRIDING SYSTEM VALUE VALUES (335, 11, '2025-10-28', 7.58, 3, 1, 1);
INSERT INTO usage_logs (usage_log_id, asset_id, usage_date, flight_hours, missions_count, critical_missions_count, operational_days) OVERRIDING SYSTEM VALUE VALUES (336, 12, '2025-10-28', 6.51, 3, 1, 1);
INSERT INTO usage_logs (usage_log_id, asset_id, usage_date, flight_hours, missions_count, critical_missions_count, operational_days) OVERRIDING SYSTEM VALUE VALUES (337, 1, '2025-10-29', 7.29, 1, 1, 1);
INSERT INTO usage_logs (usage_log_id, asset_id, usage_date, flight_hours, missions_count, critical_missions_count, operational_days) OVERRIDING SYSTEM VALUE VALUES (338, 2, '2025-10-29', 2.57, 3, 1, 1);
INSERT INTO usage_logs (usage_log_id, asset_id, usage_date, flight_hours, missions_count, critical_missions_count, operational_days) OVERRIDING SYSTEM VALUE VALUES (339, 3, '2025-10-29', 0.0, 0, 0, 0);
INSERT INTO usage_logs (usage_log_id, asset_id, usage_date, flight_hours, missions_count, critical_missions_count, operational_days) OVERRIDING SYSTEM VALUE VALUES (340, 4, '2025-10-29', 2.75, 4, 0, 1);
INSERT INTO usage_logs (usage_log_id, asset_id, usage_date, flight_hours, missions_count, critical_missions_count, operational_days) OVERRIDING SYSTEM VALUE VALUES (341, 5, '2025-10-29', 6.27, 4, 1, 1);
INSERT INTO usage_logs (usage_log_id, asset_id, usage_date, flight_hours, missions_count, critical_missions_count, operational_days) OVERRIDING SYSTEM VALUE VALUES (342, 6, '2025-10-29', 0.0, 0, 0, 0);
INSERT INTO usage_logs (usage_log_id, asset_id, usage_date, flight_hours, missions_count, critical_missions_count, operational_days) OVERRIDING SYSTEM VALUE VALUES (343, 7, '2025-10-29', 2.35, 3, 1, 1);
INSERT INTO usage_logs (usage_log_id, asset_id, usage_date, flight_hours, missions_count, critical_missions_count, operational_days) OVERRIDING SYSTEM VALUE VALUES (344, 8, '2025-10-29', 6.07, 1, 0, 1);
INSERT INTO usage_logs (usage_log_id, asset_id, usage_date, flight_hours, missions_count, critical_missions_count, operational_days) OVERRIDING SYSTEM VALUE VALUES (345, 9, '2025-10-29', 0.0, 0, 0, 0);
INSERT INTO usage_logs (usage_log_id, asset_id, usage_date, flight_hours, missions_count, critical_missions_count, operational_days) OVERRIDING SYSTEM VALUE VALUES (346, 10, '2025-10-29', 3.74, 2, 1, 1);
INSERT INTO usage_logs (usage_log_id, asset_id, usage_date, flight_hours, missions_count, critical_missions_count, operational_days) OVERRIDING SYSTEM VALUE VALUES (347, 11, '2025-10-29', 4.85, 4, 0, 1);
INSERT INTO usage_logs (usage_log_id, asset_id, usage_date, flight_hours, missions_count, critical_missions_count, operational_days) OVERRIDING SYSTEM VALUE VALUES (348, 12, '2025-10-29', 2.19, 2, 0, 1);
INSERT INTO usage_logs (usage_log_id, asset_id, usage_date, flight_hours, missions_count, critical_missions_count, operational_days) OVERRIDING SYSTEM VALUE VALUES (349, 1, '2025-10-30', 4.02, 1, 1, 1);
INSERT INTO usage_logs (usage_log_id, asset_id, usage_date, flight_hours, missions_count, critical_missions_count, operational_days) OVERRIDING SYSTEM VALUE VALUES (350, 2, '2025-10-30', 2.61, 1, 1, 1);
INSERT INTO usage_logs (usage_log_id, asset_id, usage_date, flight_hours, missions_count, critical_missions_count, operational_days) OVERRIDING SYSTEM VALUE VALUES (351, 3, '2025-10-30', 0.0, 0, 0, 0);
INSERT INTO usage_logs (usage_log_id, asset_id, usage_date, flight_hours, missions_count, critical_missions_count, operational_days) OVERRIDING SYSTEM VALUE VALUES (352, 4, '2025-10-30', 8.16, 2, 1, 1);
INSERT INTO usage_logs (usage_log_id, asset_id, usage_date, flight_hours, missions_count, critical_missions_count, operational_days) OVERRIDING SYSTEM VALUE VALUES (353, 5, '2025-10-30', 8.06, 3, 1, 1);
INSERT INTO usage_logs (usage_log_id, asset_id, usage_date, flight_hours, missions_count, critical_missions_count, operational_days) OVERRIDING SYSTEM VALUE VALUES (354, 6, '2025-10-30', 0.0, 0, 0, 0);
INSERT INTO usage_logs (usage_log_id, asset_id, usage_date, flight_hours, missions_count, critical_missions_count, operational_days) OVERRIDING SYSTEM VALUE VALUES (355, 7, '2025-10-30', 4.7, 4, 1, 1);
INSERT INTO usage_logs (usage_log_id, asset_id, usage_date, flight_hours, missions_count, critical_missions_count, operational_days) OVERRIDING SYSTEM VALUE VALUES (356, 8, '2025-10-30', 3.58, 2, 1, 1);
INSERT INTO usage_logs (usage_log_id, asset_id, usage_date, flight_hours, missions_count, critical_missions_count, operational_days) OVERRIDING SYSTEM VALUE VALUES (357, 9, '2025-10-30', 0.0, 0, 0, 0);
INSERT INTO usage_logs (usage_log_id, asset_id, usage_date, flight_hours, missions_count, critical_missions_count, operational_days) OVERRIDING SYSTEM VALUE VALUES (358, 10, '2025-10-30', 3.24, 2, 0, 1);
INSERT INTO usage_logs (usage_log_id, asset_id, usage_date, flight_hours, missions_count, critical_missions_count, operational_days) OVERRIDING SYSTEM VALUE VALUES (359, 11, '2025-10-30', 3.8, 4, 1, 1);
INSERT INTO usage_logs (usage_log_id, asset_id, usage_date, flight_hours, missions_count, critical_missions_count, operational_days) OVERRIDING SYSTEM VALUE VALUES (360, 12, '2025-10-30', 8.07, 3, 0, 1);
INSERT INTO usage_logs (usage_log_id, asset_id, usage_date, flight_hours, missions_count, critical_missions_count, operational_days) OVERRIDING SYSTEM VALUE VALUES (361, 1, '2025-10-31', 3.84, 3, 1, 1);
INSERT INTO usage_logs (usage_log_id, asset_id, usage_date, flight_hours, missions_count, critical_missions_count, operational_days) OVERRIDING SYSTEM VALUE VALUES (362, 2, '2025-10-31', 7.62, 4, 1, 1);
INSERT INTO usage_logs (usage_log_id, asset_id, usage_date, flight_hours, missions_count, critical_missions_count, operational_days) OVERRIDING SYSTEM VALUE VALUES (363, 3, '2025-10-31', 0.0, 0, 0, 0);
INSERT INTO usage_logs (usage_log_id, asset_id, usage_date, flight_hours, missions_count, critical_missions_count, operational_days) OVERRIDING SYSTEM VALUE VALUES (364, 4, '2025-10-31', 4.24, 4, 1, 1);
INSERT INTO usage_logs (usage_log_id, asset_id, usage_date, flight_hours, missions_count, critical_missions_count, operational_days) OVERRIDING SYSTEM VALUE VALUES (365, 5, '2025-10-31', 8.06, 2, 0, 1);
INSERT INTO usage_logs (usage_log_id, asset_id, usage_date, flight_hours, missions_count, critical_missions_count, operational_days) OVERRIDING SYSTEM VALUE VALUES (366, 6, '2025-10-31', 0.0, 0, 0, 0);
INSERT INTO usage_logs (usage_log_id, asset_id, usage_date, flight_hours, missions_count, critical_missions_count, operational_days) OVERRIDING SYSTEM VALUE VALUES (367, 7, '2025-10-31', 5.72, 2, 1, 1);
INSERT INTO usage_logs (usage_log_id, asset_id, usage_date, flight_hours, missions_count, critical_missions_count, operational_days) OVERRIDING SYSTEM VALUE VALUES (368, 8, '2025-10-31', 2.28, 4, 1, 1);
INSERT INTO usage_logs (usage_log_id, asset_id, usage_date, flight_hours, missions_count, critical_missions_count, operational_days) OVERRIDING SYSTEM VALUE VALUES (369, 9, '2025-10-31', 0.0, 0, 0, 0);
INSERT INTO usage_logs (usage_log_id, asset_id, usage_date, flight_hours, missions_count, critical_missions_count, operational_days) OVERRIDING SYSTEM VALUE VALUES (370, 10, '2025-10-31', 4.51, 2, 1, 1);
INSERT INTO usage_logs (usage_log_id, asset_id, usage_date, flight_hours, missions_count, critical_missions_count, operational_days) OVERRIDING SYSTEM VALUE VALUES (371, 11, '2025-10-31', 8.27, 2, 1, 1);
INSERT INTO usage_logs (usage_log_id, asset_id, usage_date, flight_hours, missions_count, critical_missions_count, operational_days) OVERRIDING SYSTEM VALUE VALUES (372, 12, '2025-10-31', 7.65, 4, 0, 1);
INSERT INTO usage_logs (usage_log_id, asset_id, usage_date, flight_hours, missions_count, critical_missions_count, operational_days) OVERRIDING SYSTEM VALUE VALUES (373, 1, '2025-11-01', 5.42, 4, 0, 1);
INSERT INTO usage_logs (usage_log_id, asset_id, usage_date, flight_hours, missions_count, critical_missions_count, operational_days) OVERRIDING SYSTEM VALUE VALUES (374, 2, '2025-11-01', 6.7, 4, 0, 1);
INSERT INTO usage_logs (usage_log_id, asset_id, usage_date, flight_hours, missions_count, critical_missions_count, operational_days) OVERRIDING SYSTEM VALUE VALUES (375, 3, '2025-11-01', 0.0, 0, 0, 0);
INSERT INTO usage_logs (usage_log_id, asset_id, usage_date, flight_hours, missions_count, critical_missions_count, operational_days) OVERRIDING SYSTEM VALUE VALUES (376, 4, '2025-11-01', 2.49, 3, 1, 1);
INSERT INTO usage_logs (usage_log_id, asset_id, usage_date, flight_hours, missions_count, critical_missions_count, operational_days) OVERRIDING SYSTEM VALUE VALUES (377, 5, '2025-11-01', 6.05, 4, 0, 1);
INSERT INTO usage_logs (usage_log_id, asset_id, usage_date, flight_hours, missions_count, critical_missions_count, operational_days) OVERRIDING SYSTEM VALUE VALUES (378, 6, '2025-11-01', 0.0, 0, 0, 0);
INSERT INTO usage_logs (usage_log_id, asset_id, usage_date, flight_hours, missions_count, critical_missions_count, operational_days) OVERRIDING SYSTEM VALUE VALUES (379, 7, '2025-11-01', 7.54, 4, 1, 1);
INSERT INTO usage_logs (usage_log_id, asset_id, usage_date, flight_hours, missions_count, critical_missions_count, operational_days) OVERRIDING SYSTEM VALUE VALUES (380, 8, '2025-11-01', 6.07, 4, 0, 1);
INSERT INTO usage_logs (usage_log_id, asset_id, usage_date, flight_hours, missions_count, critical_missions_count, operational_days) OVERRIDING SYSTEM VALUE VALUES (381, 9, '2025-11-01', 0.0, 0, 0, 0);
INSERT INTO usage_logs (usage_log_id, asset_id, usage_date, flight_hours, missions_count, critical_missions_count, operational_days) OVERRIDING SYSTEM VALUE VALUES (382, 10, '2025-11-01', 6.01, 2, 1, 1);
INSERT INTO usage_logs (usage_log_id, asset_id, usage_date, flight_hours, missions_count, critical_missions_count, operational_days) OVERRIDING SYSTEM VALUE VALUES (383, 11, '2025-11-01', 8.48, 1, 1, 1);
INSERT INTO usage_logs (usage_log_id, asset_id, usage_date, flight_hours, missions_count, critical_missions_count, operational_days) OVERRIDING SYSTEM VALUE VALUES (384, 12, '2025-11-01', 8.36, 1, 1, 1);
INSERT INTO usage_logs (usage_log_id, asset_id, usage_date, flight_hours, missions_count, critical_missions_count, operational_days) OVERRIDING SYSTEM VALUE VALUES (385, 1, '2025-11-02', 3.08, 3, 0, 1);
INSERT INTO usage_logs (usage_log_id, asset_id, usage_date, flight_hours, missions_count, critical_missions_count, operational_days) OVERRIDING SYSTEM VALUE VALUES (386, 2, '2025-11-02', 2.3, 1, 1, 1);
INSERT INTO usage_logs (usage_log_id, asset_id, usage_date, flight_hours, missions_count, critical_missions_count, operational_days) OVERRIDING SYSTEM VALUE VALUES (387, 3, '2025-11-02', 0.0, 0, 0, 0);
INSERT INTO usage_logs (usage_log_id, asset_id, usage_date, flight_hours, missions_count, critical_missions_count, operational_days) OVERRIDING SYSTEM VALUE VALUES (388, 4, '2025-11-02', 4.33, 4, 0, 1);
INSERT INTO usage_logs (usage_log_id, asset_id, usage_date, flight_hours, missions_count, critical_missions_count, operational_days) OVERRIDING SYSTEM VALUE VALUES (389, 5, '2025-11-02', 3.59, 4, 0, 1);
INSERT INTO usage_logs (usage_log_id, asset_id, usage_date, flight_hours, missions_count, critical_missions_count, operational_days) OVERRIDING SYSTEM VALUE VALUES (390, 6, '2025-11-02', 0.0, 0, 0, 0);
INSERT INTO usage_logs (usage_log_id, asset_id, usage_date, flight_hours, missions_count, critical_missions_count, operational_days) OVERRIDING SYSTEM VALUE VALUES (391, 7, '2025-11-02', 3.1, 1, 1, 1);
INSERT INTO usage_logs (usage_log_id, asset_id, usage_date, flight_hours, missions_count, critical_missions_count, operational_days) OVERRIDING SYSTEM VALUE VALUES (392, 8, '2025-11-02', 6.03, 2, 1, 1);
INSERT INTO usage_logs (usage_log_id, asset_id, usage_date, flight_hours, missions_count, critical_missions_count, operational_days) OVERRIDING SYSTEM VALUE VALUES (393, 9, '2025-11-02', 0.0, 0, 0, 0);
INSERT INTO usage_logs (usage_log_id, asset_id, usage_date, flight_hours, missions_count, critical_missions_count, operational_days) OVERRIDING SYSTEM VALUE VALUES (394, 10, '2025-11-02', 7.93, 2, 0, 1);
INSERT INTO usage_logs (usage_log_id, asset_id, usage_date, flight_hours, missions_count, critical_missions_count, operational_days) OVERRIDING SYSTEM VALUE VALUES (395, 11, '2025-11-02', 5.0, 3, 1, 1);
INSERT INTO usage_logs (usage_log_id, asset_id, usage_date, flight_hours, missions_count, critical_missions_count, operational_days) OVERRIDING SYSTEM VALUE VALUES (396, 12, '2025-11-02', 3.66, 1, 1, 1);
INSERT INTO usage_logs (usage_log_id, asset_id, usage_date, flight_hours, missions_count, critical_missions_count, operational_days) OVERRIDING SYSTEM VALUE VALUES (397, 1, '2025-11-03', 7.86, 2, 0, 1);
INSERT INTO usage_logs (usage_log_id, asset_id, usage_date, flight_hours, missions_count, critical_missions_count, operational_days) OVERRIDING SYSTEM VALUE VALUES (398, 2, '2025-11-03', 4.87, 3, 1, 1);
INSERT INTO usage_logs (usage_log_id, asset_id, usage_date, flight_hours, missions_count, critical_missions_count, operational_days) OVERRIDING SYSTEM VALUE VALUES (399, 3, '2025-11-03', 0.0, 0, 0, 0);
INSERT INTO usage_logs (usage_log_id, asset_id, usage_date, flight_hours, missions_count, critical_missions_count, operational_days) OVERRIDING SYSTEM VALUE VALUES (400, 4, '2025-11-03', 6.15, 4, 1, 1);
INSERT INTO usage_logs (usage_log_id, asset_id, usage_date, flight_hours, missions_count, critical_missions_count, operational_days) OVERRIDING SYSTEM VALUE VALUES (401, 5, '2025-11-03', 4.97, 3, 0, 1);
INSERT INTO usage_logs (usage_log_id, asset_id, usage_date, flight_hours, missions_count, critical_missions_count, operational_days) OVERRIDING SYSTEM VALUE VALUES (402, 6, '2025-11-03', 0.0, 0, 0, 0);
INSERT INTO usage_logs (usage_log_id, asset_id, usage_date, flight_hours, missions_count, critical_missions_count, operational_days) OVERRIDING SYSTEM VALUE VALUES (403, 7, '2025-11-03', 8.5, 4, 0, 1);
INSERT INTO usage_logs (usage_log_id, asset_id, usage_date, flight_hours, missions_count, critical_missions_count, operational_days) OVERRIDING SYSTEM VALUE VALUES (404, 8, '2025-11-03', 3.54, 3, 1, 1);
INSERT INTO usage_logs (usage_log_id, asset_id, usage_date, flight_hours, missions_count, critical_missions_count, operational_days) OVERRIDING SYSTEM VALUE VALUES (405, 9, '2025-11-03', 0.0, 0, 0, 0);
INSERT INTO usage_logs (usage_log_id, asset_id, usage_date, flight_hours, missions_count, critical_missions_count, operational_days) OVERRIDING SYSTEM VALUE VALUES (406, 10, '2025-11-03', 8.45, 3, 0, 1);
INSERT INTO usage_logs (usage_log_id, asset_id, usage_date, flight_hours, missions_count, critical_missions_count, operational_days) OVERRIDING SYSTEM VALUE VALUES (407, 11, '2025-11-03', 8.36, 4, 1, 1);
INSERT INTO usage_logs (usage_log_id, asset_id, usage_date, flight_hours, missions_count, critical_missions_count, operational_days) OVERRIDING SYSTEM VALUE VALUES (408, 12, '2025-11-03', 2.05, 1, 1, 1);
INSERT INTO usage_logs (usage_log_id, asset_id, usage_date, flight_hours, missions_count, critical_missions_count, operational_days) OVERRIDING SYSTEM VALUE VALUES (409, 1, '2025-11-04', 7.41, 3, 0, 1);
INSERT INTO usage_logs (usage_log_id, asset_id, usage_date, flight_hours, missions_count, critical_missions_count, operational_days) OVERRIDING SYSTEM VALUE VALUES (410, 2, '2025-11-04', 5.95, 3, 0, 1);
INSERT INTO usage_logs (usage_log_id, asset_id, usage_date, flight_hours, missions_count, critical_missions_count, operational_days) OVERRIDING SYSTEM VALUE VALUES (411, 3, '2025-11-04', 0.0, 0, 0, 0);
INSERT INTO usage_logs (usage_log_id, asset_id, usage_date, flight_hours, missions_count, critical_missions_count, operational_days) OVERRIDING SYSTEM VALUE VALUES (412, 4, '2025-11-04', 6.14, 3, 0, 1);
INSERT INTO usage_logs (usage_log_id, asset_id, usage_date, flight_hours, missions_count, critical_missions_count, operational_days) OVERRIDING SYSTEM VALUE VALUES (413, 5, '2025-11-04', 6.08, 1, 1, 1);
INSERT INTO usage_logs (usage_log_id, asset_id, usage_date, flight_hours, missions_count, critical_missions_count, operational_days) OVERRIDING SYSTEM VALUE VALUES (414, 6, '2025-11-04', 0.0, 0, 0, 0);
INSERT INTO usage_logs (usage_log_id, asset_id, usage_date, flight_hours, missions_count, critical_missions_count, operational_days) OVERRIDING SYSTEM VALUE VALUES (415, 7, '2025-11-04', 7.13, 1, 1, 1);
INSERT INTO usage_logs (usage_log_id, asset_id, usage_date, flight_hours, missions_count, critical_missions_count, operational_days) OVERRIDING SYSTEM VALUE VALUES (416, 8, '2025-11-04', 6.76, 1, 1, 1);
INSERT INTO usage_logs (usage_log_id, asset_id, usage_date, flight_hours, missions_count, critical_missions_count, operational_days) OVERRIDING SYSTEM VALUE VALUES (417, 9, '2025-11-04', 0.0, 0, 0, 0);
INSERT INTO usage_logs (usage_log_id, asset_id, usage_date, flight_hours, missions_count, critical_missions_count, operational_days) OVERRIDING SYSTEM VALUE VALUES (418, 10, '2025-11-04', 4.12, 4, 0, 1);
INSERT INTO usage_logs (usage_log_id, asset_id, usage_date, flight_hours, missions_count, critical_missions_count, operational_days) OVERRIDING SYSTEM VALUE VALUES (419, 11, '2025-11-04', 3.31, 3, 1, 1);
INSERT INTO usage_logs (usage_log_id, asset_id, usage_date, flight_hours, missions_count, critical_missions_count, operational_days) OVERRIDING SYSTEM VALUE VALUES (420, 12, '2025-11-04', 7.4, 3, 1, 1);
INSERT INTO usage_logs (usage_log_id, asset_id, usage_date, flight_hours, missions_count, critical_missions_count, operational_days) OVERRIDING SYSTEM VALUE VALUES (421, 1, '2025-11-05', 8.29, 3, 1, 1);
INSERT INTO usage_logs (usage_log_id, asset_id, usage_date, flight_hours, missions_count, critical_missions_count, operational_days) OVERRIDING SYSTEM VALUE VALUES (422, 2, '2025-11-05', 7.23, 4, 0, 1);
INSERT INTO usage_logs (usage_log_id, asset_id, usage_date, flight_hours, missions_count, critical_missions_count, operational_days) OVERRIDING SYSTEM VALUE VALUES (423, 3, '2025-11-05', 0.0, 0, 0, 0);
INSERT INTO usage_logs (usage_log_id, asset_id, usage_date, flight_hours, missions_count, critical_missions_count, operational_days) OVERRIDING SYSTEM VALUE VALUES (424, 4, '2025-11-05', 2.91, 2, 1, 1);
INSERT INTO usage_logs (usage_log_id, asset_id, usage_date, flight_hours, missions_count, critical_missions_count, operational_days) OVERRIDING SYSTEM VALUE VALUES (425, 5, '2025-11-05', 8.29, 3, 0, 1);
INSERT INTO usage_logs (usage_log_id, asset_id, usage_date, flight_hours, missions_count, critical_missions_count, operational_days) OVERRIDING SYSTEM VALUE VALUES (426, 6, '2025-11-05', 0.0, 0, 0, 0);
INSERT INTO usage_logs (usage_log_id, asset_id, usage_date, flight_hours, missions_count, critical_missions_count, operational_days) OVERRIDING SYSTEM VALUE VALUES (427, 7, '2025-11-05', 7.14, 1, 1, 1);
INSERT INTO usage_logs (usage_log_id, asset_id, usage_date, flight_hours, missions_count, critical_missions_count, operational_days) OVERRIDING SYSTEM VALUE VALUES (428, 8, '2025-11-05', 5.49, 4, 1, 1);
INSERT INTO usage_logs (usage_log_id, asset_id, usage_date, flight_hours, missions_count, critical_missions_count, operational_days) OVERRIDING SYSTEM VALUE VALUES (429, 9, '2025-11-05', 0.0, 0, 0, 0);
INSERT INTO usage_logs (usage_log_id, asset_id, usage_date, flight_hours, missions_count, critical_missions_count, operational_days) OVERRIDING SYSTEM VALUE VALUES (430, 10, '2025-11-05', 6.37, 3, 1, 1);
INSERT INTO usage_logs (usage_log_id, asset_id, usage_date, flight_hours, missions_count, critical_missions_count, operational_days) OVERRIDING SYSTEM VALUE VALUES (431, 11, '2025-11-05', 7.35, 3, 0, 1);
INSERT INTO usage_logs (usage_log_id, asset_id, usage_date, flight_hours, missions_count, critical_missions_count, operational_days) OVERRIDING SYSTEM VALUE VALUES (432, 12, '2025-11-05', 6.39, 4, 0, 1);
INSERT INTO usage_logs (usage_log_id, asset_id, usage_date, flight_hours, missions_count, critical_missions_count, operational_days) OVERRIDING SYSTEM VALUE VALUES (433, 1, '2025-11-06', 6.03, 3, 0, 1);
INSERT INTO usage_logs (usage_log_id, asset_id, usage_date, flight_hours, missions_count, critical_missions_count, operational_days) OVERRIDING SYSTEM VALUE VALUES (434, 2, '2025-11-06', 6.21, 4, 1, 1);
INSERT INTO usage_logs (usage_log_id, asset_id, usage_date, flight_hours, missions_count, critical_missions_count, operational_days) OVERRIDING SYSTEM VALUE VALUES (435, 3, '2025-11-06', 0.0, 0, 0, 0);
INSERT INTO usage_logs (usage_log_id, asset_id, usage_date, flight_hours, missions_count, critical_missions_count, operational_days) OVERRIDING SYSTEM VALUE VALUES (436, 4, '2025-11-06', 6.22, 1, 0, 1);
INSERT INTO usage_logs (usage_log_id, asset_id, usage_date, flight_hours, missions_count, critical_missions_count, operational_days) OVERRIDING SYSTEM VALUE VALUES (437, 5, '2025-11-06', 2.29, 1, 1, 1);
INSERT INTO usage_logs (usage_log_id, asset_id, usage_date, flight_hours, missions_count, critical_missions_count, operational_days) OVERRIDING SYSTEM VALUE VALUES (438, 6, '2025-11-06', 0.0, 0, 0, 0);
INSERT INTO usage_logs (usage_log_id, asset_id, usage_date, flight_hours, missions_count, critical_missions_count, operational_days) OVERRIDING SYSTEM VALUE VALUES (439, 7, '2025-11-06', 8.47, 1, 0, 1);
INSERT INTO usage_logs (usage_log_id, asset_id, usage_date, flight_hours, missions_count, critical_missions_count, operational_days) OVERRIDING SYSTEM VALUE VALUES (440, 8, '2025-11-06', 3.53, 2, 1, 1);
INSERT INTO usage_logs (usage_log_id, asset_id, usage_date, flight_hours, missions_count, critical_missions_count, operational_days) OVERRIDING SYSTEM VALUE VALUES (441, 9, '2025-11-06', 0.0, 0, 0, 0);
INSERT INTO usage_logs (usage_log_id, asset_id, usage_date, flight_hours, missions_count, critical_missions_count, operational_days) OVERRIDING SYSTEM VALUE VALUES (442, 10, '2025-11-06', 4.95, 4, 0, 1);
INSERT INTO usage_logs (usage_log_id, asset_id, usage_date, flight_hours, missions_count, critical_missions_count, operational_days) OVERRIDING SYSTEM VALUE VALUES (443, 11, '2025-11-06', 7.76, 1, 1, 1);
INSERT INTO usage_logs (usage_log_id, asset_id, usage_date, flight_hours, missions_count, critical_missions_count, operational_days) OVERRIDING SYSTEM VALUE VALUES (444, 12, '2025-11-06', 6.0, 3, 0, 1);
INSERT INTO usage_logs (usage_log_id, asset_id, usage_date, flight_hours, missions_count, critical_missions_count, operational_days) OVERRIDING SYSTEM VALUE VALUES (445, 1, '2025-11-07', 6.49, 2, 1, 1);
INSERT INTO usage_logs (usage_log_id, asset_id, usage_date, flight_hours, missions_count, critical_missions_count, operational_days) OVERRIDING SYSTEM VALUE VALUES (446, 2, '2025-11-07', 4.89, 2, 1, 1);
INSERT INTO usage_logs (usage_log_id, asset_id, usage_date, flight_hours, missions_count, critical_missions_count, operational_days) OVERRIDING SYSTEM VALUE VALUES (447, 3, '2025-11-07', 0.0, 0, 0, 0);
INSERT INTO usage_logs (usage_log_id, asset_id, usage_date, flight_hours, missions_count, critical_missions_count, operational_days) OVERRIDING SYSTEM VALUE VALUES (448, 4, '2025-11-07', 2.65, 3, 1, 1);
INSERT INTO usage_logs (usage_log_id, asset_id, usage_date, flight_hours, missions_count, critical_missions_count, operational_days) OVERRIDING SYSTEM VALUE VALUES (449, 5, '2025-11-07', 2.39, 3, 0, 1);
INSERT INTO usage_logs (usage_log_id, asset_id, usage_date, flight_hours, missions_count, critical_missions_count, operational_days) OVERRIDING SYSTEM VALUE VALUES (450, 6, '2025-11-07', 0.0, 0, 0, 0);
INSERT INTO usage_logs (usage_log_id, asset_id, usage_date, flight_hours, missions_count, critical_missions_count, operational_days) OVERRIDING SYSTEM VALUE VALUES (451, 7, '2025-11-07', 8.29, 4, 0, 1);
INSERT INTO usage_logs (usage_log_id, asset_id, usage_date, flight_hours, missions_count, critical_missions_count, operational_days) OVERRIDING SYSTEM VALUE VALUES (452, 8, '2025-11-07', 6.31, 1, 0, 1);
INSERT INTO usage_logs (usage_log_id, asset_id, usage_date, flight_hours, missions_count, critical_missions_count, operational_days) OVERRIDING SYSTEM VALUE VALUES (453, 9, '2025-11-07', 0.0, 0, 0, 0);
INSERT INTO usage_logs (usage_log_id, asset_id, usage_date, flight_hours, missions_count, critical_missions_count, operational_days) OVERRIDING SYSTEM VALUE VALUES (454, 10, '2025-11-07', 7.11, 2, 0, 1);
INSERT INTO usage_logs (usage_log_id, asset_id, usage_date, flight_hours, missions_count, critical_missions_count, operational_days) OVERRIDING SYSTEM VALUE VALUES (455, 11, '2025-11-07', 7.12, 2, 0, 1);
INSERT INTO usage_logs (usage_log_id, asset_id, usage_date, flight_hours, missions_count, critical_missions_count, operational_days) OVERRIDING SYSTEM VALUE VALUES (456, 12, '2025-11-07', 7.39, 2, 0, 1);
INSERT INTO usage_logs (usage_log_id, asset_id, usage_date, flight_hours, missions_count, critical_missions_count, operational_days) OVERRIDING SYSTEM VALUE VALUES (457, 1, '2025-11-08', 7.28, 2, 1, 1);
INSERT INTO usage_logs (usage_log_id, asset_id, usage_date, flight_hours, missions_count, critical_missions_count, operational_days) OVERRIDING SYSTEM VALUE VALUES (458, 2, '2025-11-08', 7.03, 1, 1, 1);
INSERT INTO usage_logs (usage_log_id, asset_id, usage_date, flight_hours, missions_count, critical_missions_count, operational_days) OVERRIDING SYSTEM VALUE VALUES (459, 3, '2025-11-08', 0.0, 0, 0, 0);
INSERT INTO usage_logs (usage_log_id, asset_id, usage_date, flight_hours, missions_count, critical_missions_count, operational_days) OVERRIDING SYSTEM VALUE VALUES (460, 4, '2025-11-08', 7.58, 2, 0, 1);
INSERT INTO usage_logs (usage_log_id, asset_id, usage_date, flight_hours, missions_count, critical_missions_count, operational_days) OVERRIDING SYSTEM VALUE VALUES (461, 5, '2025-11-08', 5.51, 2, 0, 1);
INSERT INTO usage_logs (usage_log_id, asset_id, usage_date, flight_hours, missions_count, critical_missions_count, operational_days) OVERRIDING SYSTEM VALUE VALUES (462, 6, '2025-11-08', 0.0, 0, 0, 0);
INSERT INTO usage_logs (usage_log_id, asset_id, usage_date, flight_hours, missions_count, critical_missions_count, operational_days) OVERRIDING SYSTEM VALUE VALUES (463, 7, '2025-11-08', 6.3, 1, 0, 1);
INSERT INTO usage_logs (usage_log_id, asset_id, usage_date, flight_hours, missions_count, critical_missions_count, operational_days) OVERRIDING SYSTEM VALUE VALUES (464, 8, '2025-11-08', 2.1, 2, 1, 1);
INSERT INTO usage_logs (usage_log_id, asset_id, usage_date, flight_hours, missions_count, critical_missions_count, operational_days) OVERRIDING SYSTEM VALUE VALUES (465, 9, '2025-11-08', 0.0, 0, 0, 0);
INSERT INTO usage_logs (usage_log_id, asset_id, usage_date, flight_hours, missions_count, critical_missions_count, operational_days) OVERRIDING SYSTEM VALUE VALUES (466, 10, '2025-11-08', 2.1, 3, 0, 1);
INSERT INTO usage_logs (usage_log_id, asset_id, usage_date, flight_hours, missions_count, critical_missions_count, operational_days) OVERRIDING SYSTEM VALUE VALUES (467, 11, '2025-11-08', 2.82, 4, 0, 1);
INSERT INTO usage_logs (usage_log_id, asset_id, usage_date, flight_hours, missions_count, critical_missions_count, operational_days) OVERRIDING SYSTEM VALUE VALUES (468, 12, '2025-11-08', 6.85, 4, 1, 1);
INSERT INTO usage_logs (usage_log_id, asset_id, usage_date, flight_hours, missions_count, critical_missions_count, operational_days) OVERRIDING SYSTEM VALUE VALUES (469, 1, '2025-11-09', 7.06, 1, 1, 1);
INSERT INTO usage_logs (usage_log_id, asset_id, usage_date, flight_hours, missions_count, critical_missions_count, operational_days) OVERRIDING SYSTEM VALUE VALUES (470, 2, '2025-11-09', 5.27, 1, 1, 1);
INSERT INTO usage_logs (usage_log_id, asset_id, usage_date, flight_hours, missions_count, critical_missions_count, operational_days) OVERRIDING SYSTEM VALUE VALUES (471, 3, '2025-11-09', 0.0, 0, 0, 0);
INSERT INTO usage_logs (usage_log_id, asset_id, usage_date, flight_hours, missions_count, critical_missions_count, operational_days) OVERRIDING SYSTEM VALUE VALUES (472, 4, '2025-11-09', 4.98, 1, 0, 1);
INSERT INTO usage_logs (usage_log_id, asset_id, usage_date, flight_hours, missions_count, critical_missions_count, operational_days) OVERRIDING SYSTEM VALUE VALUES (473, 5, '2025-11-09', 8.49, 4, 1, 1);
INSERT INTO usage_logs (usage_log_id, asset_id, usage_date, flight_hours, missions_count, critical_missions_count, operational_days) OVERRIDING SYSTEM VALUE VALUES (474, 6, '2025-11-09', 0.0, 0, 0, 0);
INSERT INTO usage_logs (usage_log_id, asset_id, usage_date, flight_hours, missions_count, critical_missions_count, operational_days) OVERRIDING SYSTEM VALUE VALUES (475, 7, '2025-11-09', 6.46, 4, 1, 1);
INSERT INTO usage_logs (usage_log_id, asset_id, usage_date, flight_hours, missions_count, critical_missions_count, operational_days) OVERRIDING SYSTEM VALUE VALUES (476, 8, '2025-11-09', 2.48, 1, 1, 1);
INSERT INTO usage_logs (usage_log_id, asset_id, usage_date, flight_hours, missions_count, critical_missions_count, operational_days) OVERRIDING SYSTEM VALUE VALUES (477, 9, '2025-11-09', 0.0, 0, 0, 0);
INSERT INTO usage_logs (usage_log_id, asset_id, usage_date, flight_hours, missions_count, critical_missions_count, operational_days) OVERRIDING SYSTEM VALUE VALUES (478, 10, '2025-11-09', 5.95, 1, 0, 1);
INSERT INTO usage_logs (usage_log_id, asset_id, usage_date, flight_hours, missions_count, critical_missions_count, operational_days) OVERRIDING SYSTEM VALUE VALUES (479, 11, '2025-11-09', 3.79, 3, 1, 1);
INSERT INTO usage_logs (usage_log_id, asset_id, usage_date, flight_hours, missions_count, critical_missions_count, operational_days) OVERRIDING SYSTEM VALUE VALUES (480, 12, '2025-11-09', 8.47, 3, 1, 1);
INSERT INTO usage_logs (usage_log_id, asset_id, usage_date, flight_hours, missions_count, critical_missions_count, operational_days) OVERRIDING SYSTEM VALUE VALUES (481, 1, '2025-11-10', 5.29, 4, 0, 1);
INSERT INTO usage_logs (usage_log_id, asset_id, usage_date, flight_hours, missions_count, critical_missions_count, operational_days) OVERRIDING SYSTEM VALUE VALUES (482, 2, '2025-11-10', 7.16, 1, 0, 1);
INSERT INTO usage_logs (usage_log_id, asset_id, usage_date, flight_hours, missions_count, critical_missions_count, operational_days) OVERRIDING SYSTEM VALUE VALUES (483, 3, '2025-11-10', 0.0, 0, 0, 0);
INSERT INTO usage_logs (usage_log_id, asset_id, usage_date, flight_hours, missions_count, critical_missions_count, operational_days) OVERRIDING SYSTEM VALUE VALUES (484, 4, '2025-11-10', 4.8, 2, 1, 1);
INSERT INTO usage_logs (usage_log_id, asset_id, usage_date, flight_hours, missions_count, critical_missions_count, operational_days) OVERRIDING SYSTEM VALUE VALUES (485, 5, '2025-11-10', 4.2, 4, 1, 1);
INSERT INTO usage_logs (usage_log_id, asset_id, usage_date, flight_hours, missions_count, critical_missions_count, operational_days) OVERRIDING SYSTEM VALUE VALUES (486, 6, '2025-11-10', 0.0, 0, 0, 0);
INSERT INTO usage_logs (usage_log_id, asset_id, usage_date, flight_hours, missions_count, critical_missions_count, operational_days) OVERRIDING SYSTEM VALUE VALUES (487, 7, '2025-11-10', 4.7, 1, 1, 1);
INSERT INTO usage_logs (usage_log_id, asset_id, usage_date, flight_hours, missions_count, critical_missions_count, operational_days) OVERRIDING SYSTEM VALUE VALUES (488, 8, '2025-11-10', 4.77, 3, 1, 1);
INSERT INTO usage_logs (usage_log_id, asset_id, usage_date, flight_hours, missions_count, critical_missions_count, operational_days) OVERRIDING SYSTEM VALUE VALUES (489, 9, '2025-11-10', 0.0, 0, 0, 0);
INSERT INTO usage_logs (usage_log_id, asset_id, usage_date, flight_hours, missions_count, critical_missions_count, operational_days) OVERRIDING SYSTEM VALUE VALUES (490, 10, '2025-11-10', 8.2, 4, 0, 1);
INSERT INTO usage_logs (usage_log_id, asset_id, usage_date, flight_hours, missions_count, critical_missions_count, operational_days) OVERRIDING SYSTEM VALUE VALUES (491, 11, '2025-11-10', 2.59, 1, 0, 1);
INSERT INTO usage_logs (usage_log_id, asset_id, usage_date, flight_hours, missions_count, critical_missions_count, operational_days) OVERRIDING SYSTEM VALUE VALUES (492, 12, '2025-11-10', 4.81, 3, 0, 1);
INSERT INTO usage_logs (usage_log_id, asset_id, usage_date, flight_hours, missions_count, critical_missions_count, operational_days) OVERRIDING SYSTEM VALUE VALUES (493, 1, '2025-11-11', 5.62, 3, 0, 1);
INSERT INTO usage_logs (usage_log_id, asset_id, usage_date, flight_hours, missions_count, critical_missions_count, operational_days) OVERRIDING SYSTEM VALUE VALUES (494, 2, '2025-11-11', 4.67, 4, 0, 1);
INSERT INTO usage_logs (usage_log_id, asset_id, usage_date, flight_hours, missions_count, critical_missions_count, operational_days) OVERRIDING SYSTEM VALUE VALUES (495, 3, '2025-11-11', 0.0, 0, 0, 0);
INSERT INTO usage_logs (usage_log_id, asset_id, usage_date, flight_hours, missions_count, critical_missions_count, operational_days) OVERRIDING SYSTEM VALUE VALUES (496, 4, '2025-11-11', 8.29, 3, 1, 1);
INSERT INTO usage_logs (usage_log_id, asset_id, usage_date, flight_hours, missions_count, critical_missions_count, operational_days) OVERRIDING SYSTEM VALUE VALUES (497, 5, '2025-11-11', 2.67, 2, 0, 1);
INSERT INTO usage_logs (usage_log_id, asset_id, usage_date, flight_hours, missions_count, critical_missions_count, operational_days) OVERRIDING SYSTEM VALUE VALUES (498, 6, '2025-11-11', 0.0, 0, 0, 0);
INSERT INTO usage_logs (usage_log_id, asset_id, usage_date, flight_hours, missions_count, critical_missions_count, operational_days) OVERRIDING SYSTEM VALUE VALUES (499, 7, '2025-11-11', 6.27, 2, 0, 1);
INSERT INTO usage_logs (usage_log_id, asset_id, usage_date, flight_hours, missions_count, critical_missions_count, operational_days) OVERRIDING SYSTEM VALUE VALUES (500, 8, '2025-11-11', 4.28, 3, 0, 1);

-- NOTA: sono state incluse le prime 500 righe su 2184 totali.
-- Per generare il dataset completo (6 mesi giornaliero) usa lo script Python seed_generator.py.

-- anomalies (30 righe)
INSERT INTO anomalies (anomaly_id, anomaly_code, asset_id, detected_at, reported_at, severity_level, priority_level, anomaly_status, affected_component_type_id, symptom_description, mission_impact_level) OVERRIDING SYSTEM VALUE VALUES (1, 'ANO-0001', 1, '2026-01-21 14:06:26', '2026-01-21 15:58:26', 'high', 'high', 'workorder_created', 11, 'Carrello: ritardo ritrazione > 3 secondi', 'none');
INSERT INTO anomalies (anomaly_id, anomaly_code, asset_id, detected_at, reported_at, severity_level, priority_level, anomaly_status, affected_component_type_id, symptom_description, mission_impact_level) OVERRIDING SYSTEM VALUE VALUES (2, 'ANO-0002', 5, '2025-12-11 21:39:28', '2025-12-11 23:38:28', 'critical', 'low', 'workorder_created', 6, 'AFCS: warning persistente canale pitch durante autorotazione simulata', 'high');
INSERT INTO anomalies (anomaly_id, anomaly_code, asset_id, detected_at, reported_at, severity_level, priority_level, anomaly_status, affected_component_type_id, symptom_description, mission_impact_level) OVERRIDING SYSTEM VALUE VALUES (3, 'ANO-0003', 11, '2025-10-18 08:34:14', '2025-10-18 09:40:14', 'high', 'urgent', 'workorder_created', 9, 'Perdita pressione circuito idraulico secondario', 'grounding');
INSERT INTO anomalies (anomaly_id, anomaly_code, asset_id, detected_at, reported_at, severity_level, priority_level, anomaly_status, affected_component_type_id, symptom_description, mission_impact_level) OVERRIDING SYSTEM VALUE VALUES (4, 'ANO-0004', 5, '2025-10-01 15:22:03', '2025-10-01 15:42:03', 'low', 'urgent', 'workorder_created', 4, 'Perdita di potenza motore 1 durante fase di crociera', 'none');
INSERT INTO anomalies (anomaly_id, anomaly_code, asset_id, detected_at, reported_at, severity_level, priority_level, anomaly_status, affected_component_type_id, symptom_description, mission_impact_level) OVERRIDING SYSTEM VALUE VALUES (5, 'ANO-0005', 5, '2026-01-16 03:09:21', '2026-01-16 03:55:21', 'low', 'low', 'workorder_created', 9, 'Perdita pressione circuito idraulico secondario', 'medium');
INSERT INTO anomalies (anomaly_id, anomaly_code, asset_id, detected_at, reported_at, severity_level, priority_level, anomaly_status, affected_component_type_id, symptom_description, mission_impact_level) OVERRIDING SYSTEM VALUE VALUES (6, 'ANO-0006', 11, '2026-03-23 13:17:35', '2026-03-23 15:12:35', 'high', 'urgent', 'workorder_created', 8, 'Hoist: rallentamento anomalo durante issaggio', 'high');
INSERT INTO anomalies (anomaly_id, anomaly_code, asset_id, detected_at, reported_at, severity_level, priority_level, anomaly_status, affected_component_type_id, symptom_description, mission_impact_level) OVERRIDING SYSTEM VALUE VALUES (7, 'ANO-0007', 6, '2026-01-30 23:45:07', '2026-01-31 00:58:07', 'medium', 'urgent', 'workorder_created', 7, 'Sensor WoW: falsa lettura durante avvicinamento finale', 'low');
INSERT INTO anomalies (anomaly_id, anomaly_code, asset_id, detected_at, reported_at, severity_level, priority_level, anomaly_status, affected_component_type_id, symptom_description, mission_impact_level) OVERRIDING SYSTEM VALUE VALUES (8, 'ANO-0008', 9, '2025-11-04 07:37:06', '2025-11-04 07:56:06', 'high', 'low', 'workorder_created', 5, 'Segnalazione FADEC: anomalia parametri motore 2', 'low');
INSERT INTO anomalies (anomaly_id, anomaly_code, asset_id, detected_at, reported_at, severity_level, priority_level, anomaly_status, affected_component_type_id, symptom_description, mission_impact_level) OVERRIDING SYSTEM VALUE VALUES (9, 'ANO-0009', 7, '2026-03-18 06:18:27', '2026-03-18 07:29:27', 'low', 'low', 'workorder_created', 12, 'Chip detector: particelle metalliche rilevate in gearbox', 'medium');
INSERT INTO anomalies (anomaly_id, anomaly_code, asset_id, detected_at, reported_at, severity_level, priority_level, anomaly_status, affected_component_type_id, symptom_description, mission_impact_level) OVERRIDING SYSTEM VALUE VALUES (10, 'ANO-0010', 2, '2026-01-30 07:08:02', '2026-01-30 08:24:02', 'low', 'medium', 'workorder_created', 1, 'Vibrazione anomala al main gearbox, rumore metallico in hover', 'grounding');
INSERT INTO anomalies (anomaly_id, anomaly_code, asset_id, detected_at, reported_at, severity_level, priority_level, anomaly_status, affected_component_type_id, symptom_description, mission_impact_level) OVERRIDING SYSTEM VALUE VALUES (11, 'ANO-0011', 6, '2026-02-16 18:20:55', '2026-02-16 20:02:55', 'low', 'urgent', 'workorder_created', 4, 'Perdita di potenza motore 1 durante fase di crociera', 'grounding');
INSERT INTO anomalies (anomaly_id, anomaly_code, asset_id, detected_at, reported_at, severity_level, priority_level, anomaly_status, affected_component_type_id, symptom_description, mission_impact_level) OVERRIDING SYSTEM VALUE VALUES (12, 'ANO-0012', 6, '2026-01-03 23:56:45', '2026-01-04 00:04:45', 'low', 'urgent', 'workorder_created', 8, 'Hoist: rallentamento anomalo durante issaggio', 'none');
INSERT INTO anomalies (anomaly_id, anomaly_code, asset_id, detected_at, reported_at, severity_level, priority_level, anomaly_status, affected_component_type_id, symptom_description, mission_impact_level) OVERRIDING SYSTEM VALUE VALUES (13, 'ANO-0013', 9, '2025-12-18 03:56:24', '2025-12-18 05:16:24', 'critical', 'medium', 'workorder_created', 8, 'Hoist: rallentamento anomalo durante issaggio', 'grounding');
INSERT INTO anomalies (anomaly_id, anomaly_code, asset_id, detected_at, reported_at, severity_level, priority_level, anomaly_status, affected_component_type_id, symptom_description, mission_impact_level) OVERRIDING SYSTEM VALUE VALUES (14, 'ANO-0014', 2, '2026-03-31 02:08:13', '2026-03-31 03:44:13', 'critical', 'low', 'workorder_created', 12, 'Chip detector: particelle metalliche rilevate in gearbox', 'grounding');
INSERT INTO anomalies (anomaly_id, anomaly_code, asset_id, detected_at, reported_at, severity_level, priority_level, anomaly_status, affected_component_type_id, symptom_description, mission_impact_level) OVERRIDING SYSTEM VALUE VALUES (15, 'ANO-0015', 4, '2026-03-22 14:56:18', '2026-03-22 16:15:18', 'low', 'medium', 'workorder_created', 3, 'Oscillazione imbardata non compensata dal tail rotor', 'low');
INSERT INTO anomalies (anomaly_id, anomaly_code, asset_id, detected_at, reported_at, severity_level, priority_level, anomaly_status, affected_component_type_id, symptom_description, mission_impact_level) OVERRIDING SYSTEM VALUE VALUES (16, 'ANO-0016', 9, '2025-10-01 11:55:48', '2025-10-01 13:30:48', 'high', 'low', 'workorder_created', 1, 'Vibrazione anomala al main gearbox, rumore metallico in hover', 'medium');
INSERT INTO anomalies (anomaly_id, anomaly_code, asset_id, detected_at, reported_at, severity_level, priority_level, anomaly_status, affected_component_type_id, symptom_description, mission_impact_level) OVERRIDING SYSTEM VALUE VALUES (17, 'ANO-0017', 11, '2025-10-27 16:45:39', '2025-10-27 17:00:39', 'medium', 'urgent', 'workorder_created', 7, 'Sensor WoW: falsa lettura durante avvicinamento finale', 'high');
INSERT INTO anomalies (anomaly_id, anomaly_code, asset_id, detected_at, reported_at, severity_level, priority_level, anomaly_status, affected_component_type_id, symptom_description, mission_impact_level) OVERRIDING SYSTEM VALUE VALUES (18, 'ANO-0018', 4, '2026-01-06 18:13:32', '2026-01-06 18:52:32', 'critical', 'high', 'workorder_created', 12, 'Chip detector: particelle metalliche rilevate in gearbox', 'none');
INSERT INTO anomalies (anomaly_id, anomaly_code, asset_id, detected_at, reported_at, severity_level, priority_level, anomaly_status, affected_component_type_id, symptom_description, mission_impact_level) OVERRIDING SYSTEM VALUE VALUES (19, 'ANO-0019', 9, '2025-12-01 00:21:15', '2025-12-01 01:44:15', 'low', 'high', 'workorder_created', 10, 'Batteria: tensione sotto soglia in pre-volo', 'grounding');
INSERT INTO anomalies (anomaly_id, anomaly_code, asset_id, detected_at, reported_at, severity_level, priority_level, anomaly_status, affected_component_type_id, symptom_description, mission_impact_level) OVERRIDING SYSTEM VALUE VALUES (20, 'ANO-0020', 5, '2026-03-02 18:27:56', '2026-03-02 19:44:56', 'high', 'low', 'workorder_created', 12, 'Chip detector: particelle metalliche rilevate in gearbox', 'high');
INSERT INTO anomalies (anomaly_id, anomaly_code, asset_id, detected_at, reported_at, severity_level, priority_level, anomaly_status, affected_component_type_id, symptom_description, mission_impact_level) OVERRIDING SYSTEM VALUE VALUES (21, 'ANO-0021', 5, '2026-02-22 07:18:37', '2026-02-22 07:37:37', 'medium', 'medium', 'investigating', 1, 'Vibrazione anomala al main gearbox, rumore metallico in hover', 'high');
INSERT INTO anomalies (anomaly_id, anomaly_code, asset_id, detected_at, reported_at, severity_level, priority_level, anomaly_status, affected_component_type_id, symptom_description, mission_impact_level) OVERRIDING SYSTEM VALUE VALUES (22, 'ANO-0022', 4, '2025-12-25 19:24:38', '2025-12-25 21:01:38', 'medium', 'medium', 'workorder_created', 11, 'Carrello: ritardo ritrazione > 3 secondi', 'grounding');
INSERT INTO anomalies (anomaly_id, anomaly_code, asset_id, detected_at, reported_at, severity_level, priority_level, anomaly_status, affected_component_type_id, symptom_description, mission_impact_level) OVERRIDING SYSTEM VALUE VALUES (23, 'ANO-0023', 9, '2025-12-14 01:59:59', '2025-12-14 03:31:59', 'critical', 'urgent', 'open', 4, 'Perdita di potenza motore 1 durante fase di crociera', 'medium');
INSERT INTO anomalies (anomaly_id, anomaly_code, asset_id, detected_at, reported_at, severity_level, priority_level, anomaly_status, affected_component_type_id, symptom_description, mission_impact_level) OVERRIDING SYSTEM VALUE VALUES (24, 'ANO-0024', 7, '2026-03-28 14:23:09', '2026-03-28 15:51:09', 'high', 'high', 'investigating', 10, 'Batteria: tensione sotto soglia in pre-volo', 'medium');
INSERT INTO anomalies (anomaly_id, anomaly_code, asset_id, detected_at, reported_at, severity_level, priority_level, anomaly_status, affected_component_type_id, symptom_description, mission_impact_level) OVERRIDING SYSTEM VALUE VALUES (25, 'ANO-0025', 1, '2025-10-02 23:30:06', '2025-10-03 01:21:06', 'low', 'low', 'open', 11, 'Carrello: ritardo ritrazione > 3 secondi', 'high');
INSERT INTO anomalies (anomaly_id, anomaly_code, asset_id, detected_at, reported_at, severity_level, priority_level, anomaly_status, affected_component_type_id, symptom_description, mission_impact_level) OVERRIDING SYSTEM VALUE VALUES (26, 'ANO-0026', 10, '2026-03-23 22:11:16', '2026-03-24 00:02:16', 'medium', 'low', 'open', 11, 'Carrello: ritardo ritrazione > 3 secondi', 'none');
INSERT INTO anomalies (anomaly_id, anomaly_code, asset_id, detected_at, reported_at, severity_level, priority_level, anomaly_status, affected_component_type_id, symptom_description, mission_impact_level) OVERRIDING SYSTEM VALUE VALUES (27, 'ANO-0027', 2, '2025-12-28 09:12:03', '2025-12-28 09:52:03', 'critical', 'high', 'open', 11, 'Carrello: ritardo ritrazione > 3 secondi', 'medium');
INSERT INTO anomalies (anomaly_id, anomaly_code, asset_id, detected_at, reported_at, severity_level, priority_level, anomaly_status, affected_component_type_id, symptom_description, mission_impact_level) OVERRIDING SYSTEM VALUE VALUES (28, 'ANO-0028', 2, '2026-03-30 15:31:32', '2026-03-30 16:01:32', 'critical', 'medium', 'open', 8, 'Hoist: rallentamento anomalo durante issaggio', 'high');
INSERT INTO anomalies (anomaly_id, anomaly_code, asset_id, detected_at, reported_at, severity_level, priority_level, anomaly_status, affected_component_type_id, symptom_description, mission_impact_level) OVERRIDING SYSTEM VALUE VALUES (29, 'ANO-0029', 8, '2026-03-24 10:03:02', '2026-03-24 11:11:02', 'medium', 'low', 'workorder_created', 1, 'Vibrazione anomala al main gearbox, rumore metallico in hover', 'none');
INSERT INTO anomalies (anomaly_id, anomaly_code, asset_id, detected_at, reported_at, severity_level, priority_level, anomaly_status, affected_component_type_id, symptom_description, mission_impact_level) OVERRIDING SYSTEM VALUE VALUES (30, 'ANO-0030', 8, '2026-01-19 11:32:53', '2026-01-19 12:45:53', 'high', 'high', 'investigating', 2, 'Deformazione superficiale pala rotore principale rilevata in ispezione', 'medium');

-- work_orders (30 righe)
INSERT INTO work_orders (work_order_id, work_order_code, anomaly_id, team_id, opened_at, assigned_at, due_at, started_at, completed_at, closed_at, work_order_status, sla_hours, estimated_total_hours, actual_total_hours) OVERRIDING SYSTEM VALUE VALUES (1, 'WO-0001', 1, 1, '2026-01-21 16:11:26', '2026-01-21 18:08:59', '2026-01-22 04:11:26', '2026-01-21 19:03:11', '2026-01-22 01:31:23', '2026-01-22 03:04:22', 'closed', 12, 5.41, 6.47);
INSERT INTO work_orders (work_order_id, work_order_code, anomaly_id, team_id, opened_at, assigned_at, due_at, started_at, completed_at, closed_at, work_order_status, sla_hours, estimated_total_hours, actual_total_hours) OVERRIDING SYSTEM VALUE VALUES (2, 'WO-0002', 2, 3, '2025-12-12 00:23:28', '2025-12-12 01:54:57', '2025-12-12 12:23:28', '2025-12-12 02:43:15', '2025-12-12 15:00:03', '2025-12-12 16:07:18', 'closed', 12, 12.31, 12.28);
INSERT INTO work_orders (work_order_id, work_order_code, anomaly_id, team_id, opened_at, assigned_at, due_at, started_at, completed_at, closed_at, work_order_status, sla_hours, estimated_total_hours, actual_total_hours) OVERRIDING SYSTEM VALUE VALUES (3, 'WO-0003', 3, 6, '2025-10-18 10:10:14', '2025-10-18 12:30:33', '2025-10-21 10:10:14', '2025-10-18 13:53:38', '2025-10-18 17:56:38', '2025-10-18 19:13:25', 'closed', 72, 3.56, 4.05);
INSERT INTO work_orders (work_order_id, work_order_code, anomaly_id, team_id, opened_at, assigned_at, due_at, started_at, completed_at, closed_at, work_order_status, sla_hours, estimated_total_hours, actual_total_hours) OVERRIDING SYSTEM VALUE VALUES (4, 'WO-0004', 4, 3, '2025-10-01 16:39:03', '2025-10-01 19:56:57', '2025-10-03 16:39:03', '2025-10-01 21:29:03', '2025-10-02 04:18:51', '2025-10-02 05:46:14', 'closed', 48, 6.01, 6.83);
INSERT INTO work_orders (work_order_id, work_order_code, anomaly_id, team_id, opened_at, assigned_at, due_at, started_at, completed_at, closed_at, work_order_status, sla_hours, estimated_total_hours, actual_total_hours) OVERRIDING SYSTEM VALUE VALUES (5, 'WO-0005', 5, 4, '2026-01-16 04:26:21', '2026-01-16 07:28:28', '2026-01-19 04:26:21', '2026-01-16 10:22:29', '2026-01-16 21:21:17', '2026-01-16 23:06:20', 'closed', 72, 11.98, 10.98);
INSERT INTO work_orders (work_order_id, work_order_code, anomaly_id, team_id, opened_at, assigned_at, due_at, started_at, completed_at, closed_at, work_order_status, sla_hours, estimated_total_hours, actual_total_hours) OVERRIDING SYSTEM VALUE VALUES (6, 'WO-0006', 6, 6, '2026-03-23 16:09:35', '2026-03-23 19:34:57', '2026-03-24 16:09:35', '2026-03-23 21:29:41', '2026-03-24 08:59:05', '2026-03-24 09:30:46', 'closed', 24, 10.14, 11.49);
INSERT INTO work_orders (work_order_id, work_order_code, anomaly_id, team_id, opened_at, assigned_at, due_at, started_at, completed_at, closed_at, work_order_status, sla_hours, estimated_total_hours, actual_total_hours) OVERRIDING SYSTEM VALUE VALUES (7, 'WO-0007', 7, 3, '2026-01-31 01:46:07', '2026-01-31 05:17:40', '2026-02-01 01:46:07', '2026-01-31 07:33:28', '2026-01-31 12:17:16', '2026-01-31 13:24:31', 'closed', 24, 5.77, 4.73);
INSERT INTO work_orders (work_order_id, work_order_code, anomaly_id, team_id, opened_at, assigned_at, due_at, started_at, completed_at, closed_at, work_order_status, sla_hours, estimated_total_hours, actual_total_hours) OVERRIDING SYSTEM VALUE VALUES (8, 'WO-0008', 8, 5, '2025-11-04 08:11:06', '2025-11-04 10:27:21', '2025-11-06 08:11:06', '2025-11-04 13:13:06', '2025-11-04 17:05:18', '2025-11-04 18:18:48', 'closed', 48, 3.85, 3.87);
INSERT INTO work_orders (work_order_id, work_order_code, anomaly_id, team_id, opened_at, assigned_at, due_at, started_at, completed_at, closed_at, work_order_status, sla_hours, estimated_total_hours, actual_total_hours) OVERRIDING SYSTEM VALUE VALUES (9, 'WO-0009', 9, 5, '2026-03-18 07:41:27', '2026-03-18 09:21:26', '2026-03-18 15:41:27', '2026-03-18 10:06:54', '2026-03-19 00:04:30', '2026-03-19 00:36:31', 'closed', 8, 11.19, 13.96);
INSERT INTO work_orders (work_order_id, work_order_code, anomaly_id, team_id, opened_at, assigned_at, due_at, started_at, completed_at, closed_at, work_order_status, sla_hours, estimated_total_hours, actual_total_hours) OVERRIDING SYSTEM VALUE VALUES (10, 'WO-0010', 10, 2, '2026-01-30 08:56:02', '2026-01-30 10:22:57', '2026-01-31 08:56:02', '2026-01-30 12:19:04', '2026-01-30 16:19:40', '2026-01-30 18:09:58', 'closed', 24, 4.06, 4.01);
INSERT INTO work_orders (work_order_id, work_order_code, anomaly_id, team_id, opened_at, assigned_at, due_at, started_at, completed_at, closed_at, work_order_status, sla_hours, estimated_total_hours, actual_total_hours) OVERRIDING SYSTEM VALUE VALUES (11, 'WO-0011', 11, 3, '2026-02-16 20:20:55', '2026-02-16 23:41:36', '2026-02-18 20:20:55', '2026-02-17 00:26:12', '2026-02-17 07:13:36', '2026-02-17 08:52:35', 'closed', 48, 5.72, 6.79);
INSERT INTO work_orders (work_order_id, work_order_code, anomaly_id, team_id, opened_at, assigned_at, due_at, started_at, completed_at, closed_at, work_order_status, sla_hours, estimated_total_hours, actual_total_hours) OVERRIDING SYSTEM VALUE VALUES (12, 'WO-0012', 12, 4, '2026-01-04 00:36:45', '2026-01-04 02:43:36', '2026-01-04 12:36:45', '2026-01-04 03:55:56', '2026-01-04 11:00:08', '2026-01-04 12:15:51', 'closed', 12, 6.18, 7.07);
INSERT INTO work_orders (work_order_id, work_order_code, anomaly_id, team_id, opened_at, assigned_at, due_at, started_at, completed_at, closed_at, work_order_status, sla_hours, estimated_total_hours, actual_total_hours) OVERRIDING SYSTEM VALUE VALUES (13, 'WO-0013', 13, 5, '2025-12-18 05:41:24', '2025-12-18 09:35:55', '2025-12-20 05:41:24', '2025-12-18 10:15:49', '2025-12-18 15:44:01', '2025-12-18 16:52:49', 'closed', 48, 4.5, 5.47);
INSERT INTO work_orders (work_order_id, work_order_code, anomaly_id, team_id, opened_at, assigned_at, due_at, started_at, completed_at, closed_at, work_order_status, sla_hours, estimated_total_hours, actual_total_hours) OVERRIDING SYSTEM VALUE VALUES (14, 'WO-0014', 14, 2, '2026-03-31 04:32:13', '2026-03-31 06:10:32', '2026-03-31 12:32:13', '2026-03-31 08:43:50', '2026-03-31 14:22:50', '2026-03-31 14:59:06', 'closed', 8, 4.11, 5.65);
INSERT INTO work_orders (work_order_id, work_order_code, anomaly_id, team_id, opened_at, assigned_at, due_at, started_at, completed_at, closed_at, work_order_status, sla_hours, estimated_total_hours, actual_total_hours) OVERRIDING SYSTEM VALUE VALUES (15, 'WO-0015', 15, 4, '2026-03-22 16:53:18', '2026-03-22 18:45:11', '2026-03-25 16:53:18', '2026-03-22 20:22:16', '2026-03-23 02:18:04', '2026-03-23 03:15:02', 'closed', 72, 4.47, 5.93);
INSERT INTO work_orders (work_order_id, work_order_code, anomaly_id, team_id, opened_at, assigned_at, due_at, started_at, completed_at, closed_at, work_order_status, sla_hours, estimated_total_hours, actual_total_hours) OVERRIDING SYSTEM VALUE VALUES (16, 'WO-0016', 16, 5, '2025-10-01 13:41:48', '2025-10-01 15:42:27', '2025-10-04 13:41:48', '2025-10-01 17:11:36', '2025-10-01 23:11:00', '2025-10-02 00:15:20', 'closed', 72, 5.82, 5.99);
INSERT INTO work_orders (work_order_id, work_order_code, anomaly_id, team_id, opened_at, assigned_at, due_at, started_at, completed_at, closed_at, work_order_status, sla_hours, estimated_total_hours, actual_total_hours) OVERRIDING SYSTEM VALUE VALUES (17, 'WO-0017', 17, 6, '2025-10-27 18:00:39', '2025-10-27 20:41:31', '2025-10-29 18:00:39', '2025-10-27 22:27:56', '2025-10-28 07:41:08', '2025-10-28 08:43:07', 'closed', 48, 8.62, 9.22);
INSERT INTO work_orders (work_order_id, work_order_code, anomaly_id, team_id, opened_at, assigned_at, due_at, started_at, completed_at, closed_at, work_order_status, sla_hours, estimated_total_hours, actual_total_hours) OVERRIDING SYSTEM VALUE VALUES (18, 'WO-0018', 18, 4, '2026-01-06 19:04:32', '2026-01-06 22:02:33', '2026-01-07 03:04:32', '2026-01-06 23:59:35', '2026-01-07 11:28:23', '2026-01-07 13:04:06', 'closed', 8, 13.54, 11.48);
INSERT INTO work_orders (work_order_id, work_order_code, anomaly_id, team_id, opened_at, assigned_at, due_at, started_at, completed_at, closed_at, work_order_status, sla_hours, estimated_total_hours, actual_total_hours) OVERRIDING SYSTEM VALUE VALUES (19, 'WO-0019', 19, 5, '2025-12-01 02:43:15', '2025-12-01 04:51:42', '2025-12-04 02:43:15', '2025-12-01 07:37:37', '2025-12-01 16:30:25', '2025-12-01 17:32:10', 'closed', 72, 8.89, 8.88);
INSERT INTO work_orders (work_order_id, work_order_code, anomaly_id, team_id, opened_at, assigned_at, due_at, started_at, completed_at, closed_at, work_order_status, sla_hours, estimated_total_hours, actual_total_hours) OVERRIDING SYSTEM VALUE VALUES (20, 'WO-0020', 20, 3, '2026-03-02 20:31:56', '2026-03-02 23:02:14', '2026-03-03 20:31:56', '2026-03-03 01:33:34', '2026-03-03 10:47:22', '2026-03-03 11:24:47', 'closed', 24, 9.49, 9.23);
INSERT INTO work_orders (work_order_id, work_order_code, anomaly_id, team_id, opened_at, assigned_at, due_at, started_at, completed_at, closed_at, work_order_status, sla_hours, estimated_total_hours, actual_total_hours) OVERRIDING SYSTEM VALUE VALUES (21, 'WO-0021', 21, NULL, '2026-02-22 07:58:37', NULL, '2026-02-22 19:58:37', NULL, NULL, NULL, 'open', 12, 7.82, NULL);
INSERT INTO work_orders (work_order_id, work_order_code, anomaly_id, team_id, opened_at, assigned_at, due_at, started_at, completed_at, closed_at, work_order_status, sla_hours, estimated_total_hours, actual_total_hours) OVERRIDING SYSTEM VALUE VALUES (22, 'WO-0022', 22, 3, '2025-12-25 21:33:38', '2025-12-26 00:18:30', '2025-12-26 05:33:38', NULL, NULL, NULL, 'pending_parts', 8, 2.63, NULL);
INSERT INTO work_orders (work_order_id, work_order_code, anomaly_id, team_id, opened_at, assigned_at, due_at, started_at, completed_at, closed_at, work_order_status, sla_hours, estimated_total_hours, actual_total_hours) OVERRIDING SYSTEM VALUE VALUES (23, 'WO-0023', 23, 5, '2025-12-14 04:14:59', '2025-12-14 04:47:28', '2025-12-16 04:14:59', NULL, NULL, NULL, 'in_progress', 48, 6.58, NULL);
INSERT INTO work_orders (work_order_id, work_order_code, anomaly_id, team_id, opened_at, assigned_at, due_at, started_at, completed_at, closed_at, work_order_status, sla_hours, estimated_total_hours, actual_total_hours) OVERRIDING SYSTEM VALUE VALUES (24, 'WO-0024', 24, 5, '2026-03-28 16:07:09', '2026-03-28 18:54:33', '2026-03-30 16:07:09', NULL, NULL, NULL, 'assigned', 48, 7.53, NULL);
INSERT INTO work_orders (work_order_id, work_order_code, anomaly_id, team_id, opened_at, assigned_at, due_at, started_at, completed_at, closed_at, work_order_status, sla_hours, estimated_total_hours, actual_total_hours) OVERRIDING SYSTEM VALUE VALUES (25, 'WO-0025', 25, 1, '2025-10-03 02:04:06', '2025-10-03 04:58:03', '2025-10-04 02:04:06', NULL, NULL, NULL, 'in_progress', 24, 4.63, NULL);
INSERT INTO work_orders (work_order_id, work_order_code, anomaly_id, team_id, opened_at, assigned_at, due_at, started_at, completed_at, closed_at, work_order_status, sla_hours, estimated_total_hours, actual_total_hours) OVERRIDING SYSTEM VALUE VALUES (26, 'WO-0026', 26, 6, '2026-03-24 00:50:16', '2026-03-24 02:39:13', '2026-03-27 00:50:16', NULL, NULL, NULL, 'assigned', 72, 11.64, NULL);
INSERT INTO work_orders (work_order_id, work_order_code, anomaly_id, team_id, opened_at, assigned_at, due_at, started_at, completed_at, closed_at, work_order_status, sla_hours, estimated_total_hours, actual_total_hours) OVERRIDING SYSTEM VALUE VALUES (27, 'WO-0027', 27, 1, '2025-12-28 10:51:03', '2025-12-28 12:19:16', '2025-12-28 18:51:03', NULL, NULL, NULL, 'in_progress', 8, 6.59, NULL);
INSERT INTO work_orders (work_order_id, work_order_code, anomaly_id, team_id, opened_at, assigned_at, due_at, started_at, completed_at, closed_at, work_order_status, sla_hours, estimated_total_hours, actual_total_hours) OVERRIDING SYSTEM VALUE VALUES (28, 'WO-0028', 28, 2, '2026-03-30 16:20:32', '2026-03-30 17:36:23', '2026-03-31 00:20:32', NULL, NULL, NULL, 'in_progress', 8, 12.95, NULL);
INSERT INTO work_orders (work_order_id, work_order_code, anomaly_id, team_id, opened_at, assigned_at, due_at, started_at, completed_at, closed_at, work_order_status, sla_hours, estimated_total_hours, actual_total_hours) OVERRIDING SYSTEM VALUE VALUES (29, 'WO-0029', 29, NULL, '2026-03-24 11:45:02', NULL, '2026-03-25 11:45:02', NULL, NULL, NULL, 'open', 24, 12.86, NULL);
INSERT INTO work_orders (work_order_id, work_order_code, anomaly_id, team_id, opened_at, assigned_at, due_at, started_at, completed_at, closed_at, work_order_status, sla_hours, estimated_total_hours, actual_total_hours) OVERRIDING SYSTEM VALUE VALUES (30, 'WO-0030', 30, 5, '2026-01-19 12:58:53', '2026-01-19 14:45:36', '2026-01-20 12:58:53', NULL, NULL, NULL, 'pending_parts', 24, 2.97, NULL);

-- work_order_tasks (43 righe)
INSERT INTO work_order_tasks (work_order_task_id, work_order_id, task_template_id, sequence_number, task_status, estimated_hours, actual_hours, planned_start_at, started_at, completed_at, notes) OVERRIDING SYSTEM VALUE VALUES (1, 1, 10, 1, 'completed', 4.62, 4.53, '2026-01-21 19:01:02', '2026-01-21 19:03:11', '2026-01-21 23:34:59', NULL);
INSERT INTO work_order_tasks (work_order_task_id, work_order_id, task_template_id, sequence_number, task_status, estimated_hours, actual_hours, planned_start_at, started_at, completed_at, notes) OVERRIDING SYSTEM VALUE VALUES (2, 2, 7, 1, 'completed', 3.87, 3.31, '2025-12-12 01:59:28', '2025-12-12 02:43:15', '2025-12-12 06:01:51', NULL);
INSERT INTO work_order_tasks (work_order_task_id, work_order_id, task_template_id, sequence_number, task_status, estimated_hours, actual_hours, planned_start_at, started_at, completed_at, notes) OVERRIDING SYSTEM VALUE VALUES (3, 3, 8, 1, 'completed', 4.94, 6.13, '2025-10-18 13:39:40', '2025-10-18 13:53:38', '2025-10-18 20:01:26', NULL);
INSERT INTO work_order_tasks (work_order_task_id, work_order_id, task_template_id, sequence_number, task_status, estimated_hours, actual_hours, planned_start_at, started_at, completed_at, notes) OVERRIDING SYSTEM VALUE VALUES (4, 4, 5, 1, 'completed', 4.3, 3.99, '2025-10-01 21:24:59', '2025-10-01 21:29:03', '2025-10-02 01:28:27', NULL);
INSERT INTO work_order_tasks (work_order_task_id, work_order_id, task_template_id, sequence_number, task_status, estimated_hours, actual_hours, planned_start_at, started_at, completed_at, notes) OVERRIDING SYSTEM VALUE VALUES (5, 5, 8, 1, 'completed', 4.88, 5.48, '2026-01-16 09:53:36', '2026-01-16 10:22:29', '2026-01-16 15:51:17', NULL);
INSERT INTO work_order_tasks (work_order_task_id, work_order_id, task_template_id, sequence_number, task_status, estimated_hours, actual_hours, planned_start_at, started_at, completed_at, notes) OVERRIDING SYSTEM VALUE VALUES (6, 6, 12, 1, 'completed', 0.86, 0.75, '2026-03-23 20:39:15', '2026-03-23 21:29:41', '2026-03-23 22:14:41', NULL);
INSERT INTO work_order_tasks (work_order_task_id, work_order_id, task_template_id, sequence_number, task_status, estimated_hours, actual_hours, planned_start_at, started_at, completed_at, notes) OVERRIDING SYSTEM VALUE VALUES (7, 7, 9, 1, 'completed', 2.54, 3.09, '2026-01-31 07:15:18', '2026-01-31 07:33:28', '2026-01-31 10:38:52', NULL);
INSERT INTO work_order_tasks (work_order_task_id, work_order_id, task_template_id, sequence_number, task_status, estimated_hours, actual_hours, planned_start_at, started_at, completed_at, notes) OVERRIDING SYSTEM VALUE VALUES (8, 8, 6, 1, 'completed', 4.73, 4.02, '2025-11-04 12:14:09', '2025-11-04 13:13:06', '2025-11-04 17:14:18', NULL);
INSERT INTO work_order_tasks (work_order_task_id, work_order_id, task_template_id, sequence_number, task_status, estimated_hours, actual_hours, planned_start_at, started_at, completed_at, notes) OVERRIDING SYSTEM VALUE VALUES (9, 8, 5, 2, 'completed', 3.34, 4.33, '2025-11-04 14:11:30', '2025-11-04 14:13:42', '2025-11-04 18:33:30', NULL);
INSERT INTO work_order_tasks (work_order_task_id, work_order_id, task_template_id, sequence_number, task_status, estimated_hours, actual_hours, planned_start_at, started_at, completed_at, notes) OVERRIDING SYSTEM VALUE VALUES (10, 9, 11, 1, 'completed', 1.6, 1.51, '2026-03-18 09:34:58', '2026-03-18 10:06:54', '2026-03-18 11:37:30', NULL);
INSERT INTO work_order_tasks (work_order_task_id, work_order_id, task_template_id, sequence_number, task_status, estimated_hours, actual_hours, planned_start_at, started_at, completed_at, notes) OVERRIDING SYSTEM VALUE VALUES (11, 9, 1, 2, 'completed', 4.75, 5.39, '2026-03-18 11:08:15', '2026-03-18 11:17:42', '2026-03-18 16:41:06', NULL);
INSERT INTO work_order_tasks (work_order_task_id, work_order_id, task_template_id, sequence_number, task_status, estimated_hours, actual_hours, planned_start_at, started_at, completed_at, notes) OVERRIDING SYSTEM VALUE VALUES (12, 10, 2, 1, 'completed', 0.66, 0.83, '2026-01-30 12:16:02', '2026-01-30 12:19:04', '2026-01-30 13:08:52', NULL);
INSERT INTO work_order_tasks (work_order_task_id, work_order_id, task_template_id, sequence_number, task_status, estimated_hours, actual_hours, planned_start_at, started_at, completed_at, notes) OVERRIDING SYSTEM VALUE VALUES (13, 10, 1, 2, 'completed', 2.61, 2.2, '2026-01-30 13:05:35', '2026-01-30 13:47:52', '2026-01-30 15:59:52', NULL);
INSERT INTO work_order_tasks (work_order_task_id, work_order_id, task_template_id, sequence_number, task_status, estimated_hours, actual_hours, planned_start_at, started_at, completed_at, notes) OVERRIDING SYSTEM VALUE VALUES (14, 10, 11, 3, 'completed', 5.4, 6.02, '2026-01-30 15:48:07', '2026-01-30 16:09:28', '2026-01-30 22:10:40', NULL);
INSERT INTO work_order_tasks (work_order_task_id, work_order_id, task_template_id, sequence_number, task_status, estimated_hours, actual_hours, planned_start_at, started_at, completed_at, notes) OVERRIDING SYSTEM VALUE VALUES (15, 11, 5, 1, 'completed', 1.29, 1.61, '2026-02-17 00:10:43', '2026-02-17 00:26:12', '2026-02-17 02:02:48', NULL);
INSERT INTO work_order_tasks (work_order_task_id, work_order_id, task_template_id, sequence_number, task_status, estimated_hours, actual_hours, planned_start_at, started_at, completed_at, notes) OVERRIDING SYSTEM VALUE VALUES (16, 11, 6, 2, 'completed', 2.5, 2.23, '2026-02-17 02:53:47', '2026-02-17 03:13:36', '2026-02-17 05:27:24', NULL);
INSERT INTO work_order_tasks (work_order_task_id, work_order_id, task_template_id, sequence_number, task_status, estimated_hours, actual_hours, planned_start_at, started_at, completed_at, notes) OVERRIDING SYSTEM VALUE VALUES (17, 12, 12, 1, 'completed', 2.29, 2.58, '2026-01-04 03:08:24', '2026-01-04 03:55:56', '2026-01-04 06:30:44', NULL);
INSERT INTO work_order_tasks (work_order_task_id, work_order_id, task_template_id, sequence_number, task_status, estimated_hours, actual_hours, planned_start_at, started_at, completed_at, notes) OVERRIDING SYSTEM VALUE VALUES (18, 13, 12, 1, 'completed', 3.49, 3.2, '2025-12-18 09:36:04', '2025-12-18 10:15:49', '2025-12-18 13:27:49', NULL);
INSERT INTO work_order_tasks (work_order_task_id, work_order_id, task_template_id, sequence_number, task_status, estimated_hours, actual_hours, planned_start_at, started_at, completed_at, notes) OVERRIDING SYSTEM VALUE VALUES (19, 14, 1, 1, 'completed', 2.3, 2.58, '2026-03-31 08:40:09', '2026-03-31 08:43:50', '2026-03-31 11:18:38', NULL);
INSERT INTO work_order_tasks (work_order_task_id, work_order_id, task_template_id, sequence_number, task_status, estimated_hours, actual_hours, planned_start_at, started_at, completed_at, notes) OVERRIDING SYSTEM VALUE VALUES (20, 15, 4, 1, 'completed', 5.95, 6.49, '2026-03-22 19:45:34', '2026-03-22 20:22:16', '2026-03-23 02:51:40', NULL);
INSERT INTO work_order_tasks (work_order_task_id, work_order_id, task_template_id, sequence_number, task_status, estimated_hours, actual_hours, planned_start_at, started_at, completed_at, notes) OVERRIDING SYSTEM VALUE VALUES (21, 15, 3, 2, 'completed', 3.31, 4.05, '2026-03-22 22:56:19', '2026-03-22 23:00:04', '2026-03-23 03:03:04', NULL);
INSERT INTO work_order_tasks (work_order_task_id, work_order_id, task_template_id, sequence_number, task_status, estimated_hours, actual_hours, planned_start_at, started_at, completed_at, notes) OVERRIDING SYSTEM VALUE VALUES (22, 16, 1, 1, 'completed', 1.26, 1.36, '2025-10-01 16:21:00', '2025-10-01 17:11:36', '2025-10-01 18:33:12', NULL);
INSERT INTO work_order_tasks (work_order_task_id, work_order_id, task_template_id, sequence_number, task_status, estimated_hours, actual_hours, planned_start_at, started_at, completed_at, notes) OVERRIDING SYSTEM VALUE VALUES (23, 16, 11, 2, 'completed', 2.48, 2.5, '2025-10-01 17:32:26', '2025-10-01 18:24:48', '2025-10-01 20:54:48', NULL);
INSERT INTO work_order_tasks (work_order_task_id, work_order_id, task_template_id, sequence_number, task_status, estimated_hours, actual_hours, planned_start_at, started_at, completed_at, notes) OVERRIDING SYSTEM VALUE VALUES (24, 16, 2, 3, 'completed', 1.19, 0.96, '2025-10-01 19:17:18', '2025-10-01 20:10:24', '2025-10-01 21:08:00', NULL);
INSERT INTO work_order_tasks (work_order_task_id, work_order_id, task_template_id, sequence_number, task_status, estimated_hours, actual_hours, planned_start_at, started_at, completed_at, notes) OVERRIDING SYSTEM VALUE VALUES (25, 17, 9, 1, 'completed', 3.83, 4.17, '2025-10-27 21:37:08', '2025-10-27 22:27:56', '2025-10-28 02:38:08', NULL);
INSERT INTO work_order_tasks (work_order_task_id, work_order_id, task_template_id, sequence_number, task_status, estimated_hours, actual_hours, planned_start_at, started_at, completed_at, notes) OVERRIDING SYSTEM VALUE VALUES (26, 18, 1, 1, 'completed', 3.38, 3.74, '2026-01-06 23:44:53', '2026-01-06 23:59:35', '2026-01-07 03:43:59', NULL);
INSERT INTO work_order_tasks (work_order_task_id, work_order_id, task_template_id, sequence_number, task_status, estimated_hours, actual_hours, planned_start_at, started_at, completed_at, notes) OVERRIDING SYSTEM VALUE VALUES (27, 18, 11, 2, 'completed', 3.97, 4.49, '2026-01-07 01:28:45', '2026-01-07 02:09:47', '2026-01-07 06:39:11', NULL);
INSERT INTO work_order_tasks (work_order_task_id, work_order_id, task_template_id, sequence_number, task_status, estimated_hours, actual_hours, planned_start_at, started_at, completed_at, notes) OVERRIDING SYSTEM VALUE VALUES (28, 19, 9, 1, 'completed', 1.42, 1.63, '2025-12-01 07:01:45', '2025-12-01 07:37:37', '2025-12-01 09:15:25', NULL);
INSERT INTO work_order_tasks (work_order_task_id, work_order_id, task_template_id, sequence_number, task_status, estimated_hours, actual_hours, planned_start_at, started_at, completed_at, notes) OVERRIDING SYSTEM VALUE VALUES (29, 20, 1, 1, 'completed', 1.89, 2.09, '2026-03-03 01:17:03', '2026-03-03 01:33:34', '2026-03-03 03:38:58', NULL);
INSERT INTO work_order_tasks (work_order_task_id, work_order_id, task_template_id, sequence_number, task_status, estimated_hours, actual_hours, planned_start_at, started_at, completed_at, notes) OVERRIDING SYSTEM VALUE VALUES (30, 21, 1, 1, 'pending', 3.78, NULL, '2026-02-22 14:50:24', NULL, NULL, NULL);
INSERT INTO work_order_tasks (work_order_task_id, work_order_id, task_template_id, sequence_number, task_status, estimated_hours, actual_hours, planned_start_at, started_at, completed_at, notes) OVERRIDING SYSTEM VALUE VALUES (31, 21, 11, 2, 'in_progress', 4.64, NULL, '2026-02-22 14:22:10', NULL, NULL, NULL);
INSERT INTO work_order_tasks (work_order_task_id, work_order_id, task_template_id, sequence_number, task_status, estimated_hours, actual_hours, planned_start_at, started_at, completed_at, notes) OVERRIDING SYSTEM VALUE VALUES (32, 22, 10, 1, 'blocked', 2.16, NULL, '2025-12-26 05:11:53', NULL, NULL, NULL);
INSERT INTO work_order_tasks (work_order_task_id, work_order_id, task_template_id, sequence_number, task_status, estimated_hours, actual_hours, planned_start_at, started_at, completed_at, notes) OVERRIDING SYSTEM VALUE VALUES (33, 23, 5, 1, 'blocked', 5.55, NULL, '2025-12-14 07:43:35', NULL, NULL, NULL);
INSERT INTO work_order_tasks (work_order_task_id, work_order_id, task_template_id, sequence_number, task_status, estimated_hours, actual_hours, planned_start_at, started_at, completed_at, notes) OVERRIDING SYSTEM VALUE VALUES (34, 24, 9, 1, 'pending', 4.23, NULL, '2026-03-28 19:18:43', NULL, NULL, NULL);
INSERT INTO work_order_tasks (work_order_task_id, work_order_id, task_template_id, sequence_number, task_status, estimated_hours, actual_hours, planned_start_at, started_at, completed_at, notes) OVERRIDING SYSTEM VALUE VALUES (35, 25, 10, 1, 'blocked', 0.69, NULL, '2025-10-03 03:42:42', NULL, NULL, NULL);
INSERT INTO work_order_tasks (work_order_task_id, work_order_id, task_template_id, sequence_number, task_status, estimated_hours, actual_hours, planned_start_at, started_at, completed_at, notes) OVERRIDING SYSTEM VALUE VALUES (36, 26, 10, 1, 'in_progress', 1.89, NULL, '2026-03-24 06:27:40', NULL, NULL, NULL);
INSERT INTO work_order_tasks (work_order_task_id, work_order_id, task_template_id, sequence_number, task_status, estimated_hours, actual_hours, planned_start_at, started_at, completed_at, notes) OVERRIDING SYSTEM VALUE VALUES (37, 27, 10, 1, 'in_progress', 5.76, NULL, '2025-12-28 13:05:46', NULL, NULL, NULL);
INSERT INTO work_order_tasks (work_order_task_id, work_order_id, task_template_id, sequence_number, task_status, estimated_hours, actual_hours, planned_start_at, started_at, completed_at, notes) OVERRIDING SYSTEM VALUE VALUES (38, 28, 12, 1, 'blocked', 0.9, NULL, '2026-03-30 22:26:06', NULL, NULL, NULL);
INSERT INTO work_order_tasks (work_order_task_id, work_order_id, task_template_id, sequence_number, task_status, estimated_hours, actual_hours, planned_start_at, started_at, completed_at, notes) OVERRIDING SYSTEM VALUE VALUES (39, 29, 11, 1, 'blocked', 2.9, NULL, '2026-03-24 18:13:01', NULL, NULL, NULL);
INSERT INTO work_order_tasks (work_order_task_id, work_order_id, task_template_id, sequence_number, task_status, estimated_hours, actual_hours, planned_start_at, started_at, completed_at, notes) OVERRIDING SYSTEM VALUE VALUES (40, 29, 2, 2, 'blocked', 4.82, NULL, '2026-03-24 14:19:53', NULL, NULL, NULL);
INSERT INTO work_order_tasks (work_order_task_id, work_order_id, task_template_id, sequence_number, task_status, estimated_hours, actual_hours, planned_start_at, started_at, completed_at, notes) OVERRIDING SYSTEM VALUE VALUES (41, 29, 1, 3, 'blocked', 2.61, NULL, '2026-03-24 18:28:35', NULL, NULL, NULL);
INSERT INTO work_order_tasks (work_order_task_id, work_order_id, task_template_id, sequence_number, task_status, estimated_hours, actual_hours, planned_start_at, started_at, completed_at, notes) OVERRIDING SYSTEM VALUE VALUES (42, 30, 3, 1, 'in_progress', 3.55, NULL, '2026-01-19 18:36:23', NULL, NULL, NULL);
INSERT INTO work_order_tasks (work_order_task_id, work_order_id, task_template_id, sequence_number, task_status, estimated_hours, actual_hours, planned_start_at, started_at, completed_at, notes) OVERRIDING SYSTEM VALUE VALUES (43, 30, 4, 2, 'in_progress', 2.14, NULL, '2026-01-19 20:15:23', NULL, NULL, NULL);

-- task_required_components (12 righe)
INSERT INTO task_required_components (task_template_id, component_type_id, estimated_quantity) OVERRIDING SYSTEM VALUE VALUES (1, 1, 1.0);
INSERT INTO task_required_components (task_template_id, component_type_id, estimated_quantity) OVERRIDING SYSTEM VALUE VALUES (2, 1, 1.0);
INSERT INTO task_required_components (task_template_id, component_type_id, estimated_quantity) OVERRIDING SYSTEM VALUE VALUES (3, 2, 1.0);
INSERT INTO task_required_components (task_template_id, component_type_id, estimated_quantity) OVERRIDING SYSTEM VALUE VALUES (4, 2, 1.0);
INSERT INTO task_required_components (task_template_id, component_type_id, estimated_quantity) OVERRIDING SYSTEM VALUE VALUES (5, 4, 1.0);
INSERT INTO task_required_components (task_template_id, component_type_id, estimated_quantity) OVERRIDING SYSTEM VALUE VALUES (6, 4, 1.0);
INSERT INTO task_required_components (task_template_id, component_type_id, estimated_quantity) OVERRIDING SYSTEM VALUE VALUES (7, 6, 1.0);
INSERT INTO task_required_components (task_template_id, component_type_id, estimated_quantity) OVERRIDING SYSTEM VALUE VALUES (8, 9, 2.0);
INSERT INTO task_required_components (task_template_id, component_type_id, estimated_quantity) OVERRIDING SYSTEM VALUE VALUES (9, 10, 1.0);
INSERT INTO task_required_components (task_template_id, component_type_id, estimated_quantity) OVERRIDING SYSTEM VALUE VALUES (10, 11, 1.0);
INSERT INTO task_required_components (task_template_id, component_type_id, estimated_quantity) OVERRIDING SYSTEM VALUE VALUES (11, 12, 1.0);
INSERT INTO task_required_components (task_template_id, component_type_id, estimated_quantity) OVERRIDING SYSTEM VALUE VALUES (12, 8, 1.0);

-- ============================================
-- Reset sequenze IDENTITY
-- ============================================
SELECT setval(pg_get_serial_sequence('bases', 'base_id'), (SELECT MAX(base_id) FROM bases));
SELECT setval(pg_get_serial_sequence('assets', 'asset_id'), (SELECT MAX(asset_id) FROM assets));
SELECT setval(pg_get_serial_sequence('components_catalog', 'component_type_id'), (SELECT MAX(component_type_id) FROM components_catalog));
SELECT setval(pg_get_serial_sequence('teams', 'team_id'), (SELECT MAX(team_id) FROM teams));
SELECT setval(pg_get_serial_sequence('task_catalog', 'task_template_id'), (SELECT MAX(task_template_id) FROM task_catalog));
SELECT setval(pg_get_serial_sequence('asset_components', 'asset_component_id'), (SELECT MAX(asset_component_id) FROM asset_components));
SELECT setval(pg_get_serial_sequence('asset_base_history', 'asset_base_history_id'), (SELECT MAX(asset_base_history_id) FROM asset_base_history));
SELECT setval(pg_get_serial_sequence('usage_logs', 'usage_log_id'), (SELECT MAX(usage_log_id) FROM usage_logs));
SELECT setval(pg_get_serial_sequence('anomalies', 'anomaly_id'), (SELECT MAX(anomaly_id) FROM anomalies));
SELECT setval(pg_get_serial_sequence('work_orders', 'work_order_id'), (SELECT MAX(work_order_id) FROM work_orders));
SELECT setval(pg_get_serial_sequence('work_order_tasks', 'work_order_task_id'), (SELECT MAX(work_order_task_id) FROM work_order_tasks));
